key,index,indexSymbol,last,variation,percentChange,open,high,low,previousClose,yearHigh,yearLow,indicativeClose,pe,pb,dy,declines,advances,unchanged,perChange365d,perChange30d,date365dAgo,date30dAgo,previousDay,oneWeekAgo,oneMonthAgoVal,oneWeekAgoVal,oneYearAgoVal,previousDayVal,_collected_on
INDICES ELIGIBLE IN DERIVATIVES,NIFTY 50,NIFTY 50,24253.05,-81.25,-0.33,24190.05,24262.35,24135.85,24334.3,26373.2,22182.55,0,20.96,3.13,1.24,15,35,0,-2.87,1.0,18-Jul-2025,19-Jun-2026,17-Jul-2026,13-Jul-2026,24013.1,24211.0,24968.4,24334.3,2026-07-20
INDICES ELIGIBLE IN DERIVATIVES,NIFTY NEXT 50,NIFTY NEXT 50,72364.3,535.9,0.75,71745.35,72373.5,71595.4,71828.4,73141.05,59896.1,0,18.84,3.43,1.26,16,34,0,6.07,0.01,18-Jul-2025,19-Jun-2026,17-Jul-2026,13-Jul-2026,72356.65,72111.4,68225.15,71828.4,2026-07-20
INDICES ELIGIBLE IN DERIVATIVES,NIFTY BANK,NIFTY BANK,57905.65,-615.75,-1.05,57738.25,57963.55,57533.1,58521.4,61764.85,49954.85,0,14.7,1.88,0.79,5,9,0,2.88,0.38,18-Jul-2025,19-Jun-2026,17-Jul-2026,13-Jul-2026,57685.75,58131.45,56283.0,58521.4,2026-07-20
INDICES ELIGIBLE IN DERIVATIVES,NIFTY FINANCIAL SERVICES,NIFTY FIN SERVICE,26558.8,-344.55,-1.28,26557.3,26602.3,26360.4,26903.35,28562.5,23373.95,0,17.2,2.7,0.97,8,12,0,0.01,0.48,18-Jul-2025,19-Jun-2026,17-Jul-2026,13-Jul-2026,26431.15,26836.15,26556.15,26903.35,2026-07-20
INDICES ELIGIBLE IN DERIVATIVES,NIFTY MIDCAP SELECT,NIFTY MID SELECT,14786.95,71.55,0.49,14700.5,14787.2,14651.05,14715.4,14876.45,12046.2,0,30.57,4.9,0.62,7,18,0,12.27,1.15,18-Jul-2025,19-Jun-2026,17-Jul-2026,13-Jul-2026,14618.95,14839.65,13171.0,14715.4,2026-07-20
BROAD MARKET INDICES,NIFTY 100,NIFTY 100,25292.65,-35.0,-0.14,25199.4,25293.7,25161.55,25327.65,26975.15,22720.45,0,20.54,3.18,1.24,31,69,0,-1.29,0.82,18-Jul-2025,19-Jun-2026,17-Jul-2026,13-Jul-2026,25086.65,25240.8,25623.5,25327.65,2026-07-20
BROAD MARKET INDICES,NIFTY 200,NIFTY 200,14017.05,2.9,0.02,13953.2,14017.5,13935.75,14014.15,14700.95,12396.1,0,21.91,3.41,1.12,61,139,0,0.17,0.76,18-Jul-2025,19-Jun-2026,17-Jul-2026,13-Jul-2026,13911.25,14003.1,13993.45,14014.15,2026-07-20
BROAD MARKET INDICES,NIFTY 500,NIFTY 500,23346.7,10.4,0.04,23244.3,23347.35,23219.45,23336.3,24144.2,20385.65,0,23.04,3.47,1.06,207,291,2,0.31,0.87,18-Jul-2025,19-Jun-2026,17-Jul-2026,13-Jul-2026,23144.2,23347.05,23275.15,23336.3,2026-07-20
BROAD MARKET INDICES,NIFTY MIDCAP 50,NIFTY MIDCAP 50,18054.35,123.5,0.69,17902.0,18055.5,17867.5,17930.85,18114.45,14804.55,0,33.49,4.76,0.6,15,35,0,8.46,1.8,18-Jul-2025,19-Jun-2026,17-Jul-2026,13-Jul-2026,17735.3,18089.55,16645.4,17930.85,2026-07-20
BROAD MARKET INDICES,NIFTY MIDCAP 100,NIFTY MIDCAP 100,62838.8,410.75,0.66,62335.75,62841.25,62249.75,62428.05,63183.35,52032.85,0,29.97,4.8,0.61,30,70,0,6.32,0.51,18-Jul-2025,19-Jun-2026,17-Jul-2026,13-Jul-2026,62517.3,63040.95,59104.5,62428.05,2026-07-20
BROAD MARKET INDICES,NIFTY SMALLCAP 100,NIFTY SMLCAP 100,19345.5,49.2,0.25,19274.8,19396.1,19231.05,19296.3,19470.5,14986.0,0,33.22,3.67,0.61,52,48,0,2.04,2.99,18-Jul-2025,19-Jun-2026,17-Jul-2026,13-Jul-2026,18784.45,19422.95,18959.65,19296.3,2026-07-20
BROAD MARKET INDICES,INDIA VIX,INDIA VIX,13.17,0.02,0.13,13.15,13.84,13.15,13.15,28.91,8.72,0,0,0,0,,,,15.63,1.54,18-Jul-2025,19-Jun-2026,17-Jul-2026,13-Jul-2026,12.97,13.28,11.39,13.15,2026-07-20
BROAD MARKET INDICES,NIFTY MIDCAP 150,NIFTY MIDCAP 150,23100.5,132.6,0.58,22933.85,23101.2,22903.6,22967.9,23239.65,19218.0,0,29.3,4.76,0.66,49,100,1,5.68,0.56,18-Jul-2025,19-Jun-2026,17-Jul-2026,13-Jul-2026,22972.95,23167.4,21858.85,22967.9,2026-07-20
BROAD MARKET INDICES,NIFTY SMALLCAP 50,NIFTY SMLCAP 50,9622.55,45.9,0.48,9570.6,9637.8,9544.9,9576.65,9650.5,7338.35,0,32.61,3.54,0.66,22,28,0,5.02,3.63,18-Jul-2025,19-Jun-2026,17-Jul-2026,13-Jul-2026,9285.45,9638.2,9162.55,9576.65,2026-07-20
BROAD MARKET INDICES,NIFTY SMALLCAP 250,NIFTY SMLCAP 250,18035.8,32.3,0.18,17975.2,18073.0,17936.35,18003.5,18194.8,14143.45,0,36.05,3.7,0.64,127,122,1,0.71,1.82,18-Jul-2025,19-Jun-2026,17-Jul-2026,13-Jul-2026,17713.8,18171.85,17909.25,18003.5,2026-07-20
BROAD MARKET INDICES,NIFTY MIDSMALLCAP 400,NIFTY MIDSML 400,21257.85,93.35,0.44,21132.5,21258.25,21100.6,21164.5,21397.4,17390.85,0,31.31,4.33,0.65,176,222,2,3.83,0.99,18-Jul-2025,19-Jun-2026,17-Jul-2026,13-Jul-2026,21050.35,21353.1,20473.85,21164.5,2026-07-20
BROAD MARKET INDICES,NIFTY500 MULTICAP 50:25:25,NIFTY500 MULTICAP,16534.9,19.6,0.12,16460.75,16535.25,16445.55,16515.3,16681.75,14102.2,0,25.09,3.6,0.95,207,291,2,1.08,1.0,18-Jul-2025,19-Jun-2026,17-Jul-2026,13-Jul-2026,16370.75,16560.9,16358.3,16515.3,2026-07-20
BROAD MARKET INDICES,NIFTY LARGEMIDCAP 250,NIFTY LARGEMID250,16719.1,36.45,0.22,16627.95,16719.6,16613.8,16682.65,17077.75,14445.65,0,24.13,3.81,0.95,80,169,1,2.2,0.67,18-Jul-2025,19-Jun-2026,17-Jul-2026,13-Jul-2026,16607.65,16726.15,16359.95,16682.65,2026-07-20
BROAD MARKET INDICES,NIFTY TOTAL MARKET,NIFTY TOTAL MKT,13168.6,8.3,0.06,13109.8,13168.95,13096.4,13160.3,13548.0,11436.55,0,23.23,3.47,1.04,306,439,6,0.41,0.85,18-Jul-2025,19-Jun-2026,17-Jul-2026,13-Jul-2026,13057.75,13177.05,13115.0,13160.3,2026-07-20
BROAD MARKET INDICES,NIFTY MICROCAP 250,NIFTY MICROCAP250,25173.65,119.45,0.48,25017.6,25184.15,24985.85,25054.2,25593.75,18858.5,0,28.48,3.57,0.6,99,148,4,2.28,0.29,18-Jul-2025,19-Jun-2026,17-Jul-2026,13-Jul-2026,25101.5,25536.05,24612.55,25054.2,2026-07-20
BROAD MARKET INDICES,NIFTY500 LARGEMIDSMALL EQUAL-CAP WEIGHTED,NIFTY500 LMS EQL,18478.55,37.7,0.2,18390.8,18478.85,18369.35,18440.85,18551.6,15495.1,0,27.11,3.77,0.85,207,291,2,1.83,1.06,18-Jul-2025,19-Jun-2026,17-Jul-2026,13-Jul-2026,18284.05,18530.05,18147.15,18440.85,2026-07-20
BROAD MARKET INDICES,NIFTY INDIA FPI 150,NIFTY FPI 150,1566.45,2.1,0.13,1559.15,1566.5,1557.55,1564.35,1641.4,1346.5,0,22.44,3.55,1.16,43,107,0,0.0,1.03,,19-Jun-2026,17-Jul-2026,13-Jul-2026,1550.45,1562.75,0.0,1564.35,2026-07-20
BROAD MARKET INDICES,NIFTY SMALLCAP 500,NIFTY SMALLCAP 500,20428.8,53.95,0.26,20343.85,20459.3,20311.45,20374.85,20638.95,15960.2,0,33.28,3.67,0.64,224,271,5,0.0,1.3,,19-Jun-2026,17-Jul-2026,13-Jul-2026,20166.8,20612.5,0.0,20374.85,2026-07-20
BROAD MARKET INDICES,NIFTY MIDSMALLCAP400 50:50,NIFTY MIDSMALL 50 50,20710.75,78.1,0.38,20601.1,20720.2,20567.0,20632.65,20851.9,16874.3,0,32.33,4.16,0.65,176,222,2,0.0,1.19,,19-Jun-2026,17-Jul-2026,13-Jul-2026,20467.4,20818.7,0.0,20632.65,2026-07-20
SECTORAL INDICES,NIFTY AUTO,NIFTY AUTO,26948.15,-151.6,-0.56,27103.1,27103.1,26806.05,27099.75,29179.1,23378.9,0,31.26,4.29,1.14,9,6,0,12.78,1.37,18-Jul-2025,19-Jun-2026,17-Jul-2026,13-Jul-2026,26583.35,26981.5,23894.35,27099.75,2026-07-20
SECTORAL INDICES,NIFTY FINANCIAL SERVICES 25/50,NIFTY FINSRV25 50,29000.1,-250.5,-0.86,28967.4,29034.3,28784.5,29250.6,0.0,0.0,0,16.78,2.8,1.04,8,12,0,1.29,0.91,18-Jul-2025,19-Jun-2026,17-Jul-2026,13-Jul-2026,28737.8,29263.65,28629.35,29250.6,2026-07-20
SECTORAL INDICES,NIFTY FMCG,NIFTY FMCG,49012.95,264.25,0.54,48800.55,49096.7,48601.8,48748.7,58485.05,45334.15,0,33.54,8.24,1.01,4,11,0,-13.26,-1.1,18-Jul-2025,19-Jun-2026,17-Jul-2026,13-Jul-2026,49558.7,48809.9,56506.9,48748.7,2026-07-20
SECTORAL INDICES,NIFTY IT,NIFTY IT,29215.3,-11.3,-0.04,29324.45,29483.15,29113.75,29226.6,40301.4,25699.1,0,18.93,5.2,2.96,5,5,0,-21.34,6.52,18-Jul-2025,19-Jun-2026,17-Jul-2026,13-Jul-2026,27426.85,29015.85,37141.85,29226.6,2026-07-20
SECTORAL INDICES,NIFTY MEDIA,NIFTY MEDIA,1539.95,18.5,1.22,1525.4,1546.6,1518.05,1521.45,1715.8,1245.05,0,36.13,1.6,1.15,3,6,1,-13.05,1.62,18-Jul-2025,19-Jun-2026,17-Jul-2026,13-Jul-2026,1515.4,1515.3,1771.05,1521.45,2026-07-20
SECTORAL INDICES,NIFTY METAL,NIFTY METAL,12554.75,117.8,0.95,12472.85,12594.1,12454.9,12436.95,13931.35,9086.35,0,16.58,2.6,1.84,3,12,0,32.74,-3.58,18-Jul-2025,19-Jun-2026,17-Jul-2026,13-Jul-2026,13020.8,12601.45,9458.2,12436.95,2026-07-20
SECTORAL INDICES,NIFTY PHARMA,NIFTY PHARMA,26107.55,462.55,1.8,25699.3,26126.2,25657.6,25645.0,26135.75,21149.9,0,39.92,5.18,0.62,2,18,0,15.56,6.73,18-Jul-2025,19-Jun-2026,17-Jul-2026,13-Jul-2026,24460.3,25643.35,22592.75,25645.0,2026-07-20
SECTORAL INDICES,NIFTY PSU BANK,NIFTY PSU BANK,8569.85,188.1,2.24,8397.25,8575.65,8381.1,8381.75,9918.65,6730.3,0,7.94,1.18,1.03,1,11,0,19.65,-1.68,18-Jul-2025,19-Jun-2026,17-Jul-2026,13-Jul-2026,8716.5,8460.6,7162.5,8381.75,2026-07-20
SECTORAL INDICES,NIFTY PRIVATE BANK,NIFTY PVT BANK,27885.5,-623.0,-2.19,27917.9,28043.45,27706.75,28508.5,29748.45,23957.45,0,18.59,2.23,0.68,5,5,0,1.27,-0.02,18-Jul-2025,19-Jun-2026,17-Jul-2026,13-Jul-2026,27892.05,28154.1,27534.5,28508.5,2026-07-20
SECTORAL INDICES,NIFTY REALTY,NIFTY REALTY,914.55,-4.15,-0.45,916.0,916.15,906.8,918.7,974.5,638.65,0,40.42,4.16,0.33,8,2,0,-8.54,12.64,18-Jul-2025,19-Jun-2026,17-Jul-2026,13-Jul-2026,811.9,937.15,999.9,918.7,2026-07-20
SECTORAL INDICES,NIFTY HEALTHCARE INDEX,NIFTY HEALTHCARE,16553.1,270.2,1.66,16308.4,16562.75,16280.75,16282.9,16585.2,13536.5,0,42.71,5.65,0.55,2,18,0,12.85,5.64,18-Jul-2025,19-Jun-2026,17-Jul-2026,13-Jul-2026,15669.0,16295.9,14668.3,16282.9,2026-07-20
SECTORAL INDICES,NIFTY CONSUMER DURABLES,NIFTY CONSR DURBL,39631.35,235.0,0.6,39244.45,39684.15,39144.15,39396.35,40472.45,32587.95,0,70.87,12.36,0.4,3,10,0,2.59,6.43,18-Jul-2025,19-Jun-2026,17-Jul-2026,13-Jul-2026,37237.0,38649.65,38630.75,39396.35,2026-07-20
SECTORAL INDICES,NIFTY OIL & GAS,NIFTY OIL AND GAS,11391.9,93.25,0.83,11247.1,11408.9,11236.8,11298.65,12445.7,10580.95,0,8.97,1.53,2.41,2,13,0,-3.23,1.99,18-Jul-2025,19-Jun-2026,17-Jul-2026,13-Jul-2026,11169.75,11176.55,11771.9,11298.65,2026-07-20
SECTORAL INDICES,NIFTY MIDSMALL HEALTHCARE,NIFTY MIDSML HLTH,51422.1,598.4,1.18,50859.05,51467.2,50786.15,50823.7,51696.45,40352.9,0,46.36,6.18,0.38,6,24,0,14.1,6.01,18-Jul-2025,19-Jun-2026,17-Jul-2026,13-Jul-2026,48505.0,51029.6,45067.3,50823.7,2026-07-20
SECTORAL INDICES,NIFTY FINANCIAL SERVICES EX-BANK,NIFTY FINSEREXBNK,31956.65,78.8,0.25,31870.4,31977.75,31656.4,31877.85,32654.2,26788.05,0,22.75,4.15,0.75,13,17,0,6.75,0.86,18-Jul-2025,19-Jun-2026,17-Jul-2026,13-Jul-2026,31683.2,32345.65,29937.2,31877.85,2026-07-20
SECTORAL INDICES,NIFTY MIDSMALL FINANCIAL SERVICES,NIFTY MS FIN SERV,22364.1,88.1,0.4,22229.9,22369.1,22134.0,22276.0,22772.5,17421.5,0,28.62,3.35,0.43,12,18,0,19.93,-0.48,18-Jul-2025,19-Jun-2026,17-Jul-2026,13-Jul-2026,22472.15,22739.0,18648.0,22276.0,2026-07-20
SECTORAL INDICES,NIFTY MIDSMALL IT & TELECOM,NIFTY MS IT TELCM,9580.3,-26.2,-0.27,9588.45,9667.4,9544.2,9606.5,10591.6,7748.35,0,18.69,8.65,0.65,13,7,0,-6.26,1.37,18-Jul-2025,19-Jun-2026,17-Jul-2026,13-Jul-2026,9450.9,9708.15,10220.25,9606.5,2026-07-20
SECTORAL INDICES,NIFTY CHEMICALS,NIFTY CHEMICALS,30493.75,227.05,0.75,30202.75,30568.3,30179.7,30266.7,31895.45,24851.65,0,48.5,4.36,0.56,9,11,0,-1.66,2.17,18-Jul-2025,19-Jun-2026,17-Jul-2026,13-Jul-2026,29846.0,29700.75,31009.81,30266.7,2026-07-20
SECTORAL INDICES,NIFTY500 HEALTHCARE,NIFTY500 HEALTH,21435.3,315.65,1.49,21142.55,21443.1,21115.65,21119.65,21470.95,16294.6,0,44.81,6.01,0.48,9,39,0,0.0,5.6,,19-Jun-2026,17-Jul-2026,13-Jul-2026,20298.15,21155.25,0.0,21119.65,2026-07-20
SECTORAL INDICES,NIFTY REITS & REALTY,NIFTY REITS REALTY,1963.0,-1.8,-0.09,1965.7,1966.5,1955.3,1964.8,1976.65,1632.55,0,53.64,2.67,3.17,9,6,0,0.0,8.23,,19-Jun-2026,17-Jul-2026,13-Jul-2026,1813.65,1971.1,0.0,1964.8,2026-07-20
SECTORAL INDICES,NIFTY CEMENT,NIFTY CEMENT,15391.55,116.6,0.76,15242.3,15402.05,15164.2,15274.95,18188.6,13534.8,0,28.93,2.27,0.51,4,11,1,0.0,3.17,,19-Jun-2026,17-Jul-2026,13-Jul-2026,14918.65,15142.1,0.0,15274.95,2026-07-20
STRATEGY INDICES,NIFTY DIVIDEND OPPORTUNITIES 50,NIFTY DIV OPPS 50,5861.5,35.85,0.62,5833.45,5861.75,5824.75,5825.65,6584.65,5614.0,0,12.97,2.54,2.45,14,36,0,-3.35,0.32,18-Jul-2025,19-Jun-2026,17-Jul-2026,13-Jul-2026,5842.85,5838.05,6064.95,5825.65,2026-07-20
STRATEGY INDICES,NIFTY GROWTH SECTORS 15,NIFTY GROWSECT 15,11136.55,-7.7,-0.07,11175.8,11175.8,11115.1,11144.25,12852.45,10329.35,0,28.01,6.46,1.5,8,7,0,-4.03,4.07,18-Jul-2025,19-Jun-2026,17-Jul-2026,13-Jul-2026,10700.6,11028.05,11604.35,11144.25,2026-07-20
STRATEGY INDICES,NIFTY100 QUALITY 30,NIFTY100 QUALTY30,5554.75,12.75,0.23,5548.0,5559.65,5534.15,5542.0,0.0,0.0,0,27.18,6.94,1.78,13,17,0,-0.95,1.12,18-Jul-2025,19-Jun-2026,17-Jul-2026,13-Jul-2026,5493.0,5512.65,5607.85,5542.0,2026-07-20
STRATEGY INDICES,NIFTY50 VALUE 20,NIFTY50 VALUE 20,12064.5,-75.9,-0.63,12040.05,12098.45,12008.5,12140.4,13684.4,11528.6,0,15.06,2.15,1.72,6,14,0,-5.39,0.67,18-Jul-2025,19-Jun-2026,17-Jul-2026,13-Jul-2026,11984.25,12075.85,12751.9,12140.4,2026-07-20
STRATEGY INDICES,NIFTY50 TR 2X LEVERAGE,NIFTY50 TR 2X LEV,18420.25,-130.65,-0.7,18324.1,18433.25,18242.1,18550.9,22435.45,15547.15,0,0,0,0,,,,-10.04,1.73,18-Jul-2025,19-Jun-2026,17-Jul-2026,13-Jul-2026,18107.2,18367.15,20475.9,18550.9,2026-07-20
STRATEGY INDICES,NIFTY50 PR 2X LEVERAGE,NIFTY50 PR 2X LEV,12137.1,-86.1,-0.7,12073.75,12145.7,12019.75,12223.2,14993.4,10365.7,0,0,0,0,,,,-12.01,1.45,18-Jul-2025,19-Jun-2026,17-Jul-2026,13-Jul-2026,11964.15,12108.55,13793.75,12223.2,2026-07-20
STRATEGY INDICES,NIFTY50 TR 1X INVERSE,NIFTY50 TR 1X INV,177.55,0.65,0.37,178.0,178.4,177.5,176.9,193.35,161.8,0,0,0,0,,,,5.5,-0.81,18-Jul-2025,19-Jun-2026,17-Jul-2026,13-Jul-2026,179.0,177.75,168.3,176.9,2026-07-20
STRATEGY INDICES,NIFTY50 PR 1X INVERSE,NIFTY50 PR 1X INV,218.35,0.8,0.37,218.9,219.4,218.25,217.55,236.5,197.8,0,0,0,0,,,,6.56,-0.66,18-Jul-2025,19-Jun-2026,17-Jul-2026,13-Jul-2026,219.8,218.55,204.9,217.55,2026-07-20
STRATEGY INDICES,NIFTY50 DIVIDEND POINTS,NIFTY50 DIV POINT,141.1,0.0,0.0,141.1,141.1,141.1,141.1,0.0,0.0,0,0,0,0,,,,-5.3,31.32,18-Jul-2025,19-Jun-2026,17-Jul-2026,13-Jul-2026,107.45,134.61,149.0,141.1,2026-07-20
STRATEGY INDICES,NIFTY ALPHA 50,NIFTY ALPHA 50,54058.6,407.3,0.76,53598.85,54065.85,53549.05,53651.3,0.0,0.0,0,24.6,5.04,0.81,15,35,0,3.19,-0.64,18-Jul-2025,19-Jun-2026,17-Jul-2026,13-Jul-2026,54407.4,54090.85,52389.35,53651.3,2026-07-20
STRATEGY INDICES,NIFTY50 EQUAL WEIGHT,NIFTY50 EQL WGT,32909.6,65.05,0.2,32823.55,32909.7,32761.1,32844.55,0.0,0.0,0,24.15,3.52,1.34,15,35,0,4.66,0.69,18-Jul-2025,19-Jun-2026,17-Jul-2026,13-Jul-2026,32684.85,32825.75,31445.1,32844.55,2026-07-20
STRATEGY INDICES,NIFTY100 EQUAL WEIGHT,NIFTY100 EQL WGT,34652.7,161.55,0.47,34461.9,34653.75,34406.15,34491.15,0.0,0.0,0,20.86,3.37,1.31,31,69,0,5.55,0.45,18-Jul-2025,19-Jun-2026,17-Jul-2026,13-Jul-2026,34496.45,34548.55,32831.65,34491.15,2026-07-20
STRATEGY INDICES,NIFTY100 LOW VOLATILITY 30,NIFTY100 LOWVOL30,20182.7,77.85,0.39,20082.2,20183.7,20050.5,20104.85,0.0,0.0,0,25.23,4.17,1.41,9,21,0,0.32,2.24,18-Jul-2025,19-Jun-2026,17-Jul-2026,13-Jul-2026,19739.65,20100.75,20118.75,20104.85,2026-07-20
STRATEGY INDICES,NIFTY200 QUALITY 30,NIFTY200 QUALTY30,20217.7,100.65,0.5,20126.35,20240.85,20088.45,20117.05,0.0,0.0,0,28.18,9.06,1.8,10,20,0,-2.72,0.81,18-Jul-2025,19-Jun-2026,17-Jul-2026,13-Jul-2026,20055.9,20133.95,20782.6,20117.05,2026-07-20
STRATEGY INDICES,NIFTY ALPHA LOW-VOLATILITY 30,NIFTY ALPHALOWVOL,26975.85,213.2,0.8,26749.3,26977.0,26720.4,26762.65,0.0,0.0,0,27.09,4.39,1.09,6,24,0,1.39,2.58,18-Jul-2025,19-Jun-2026,17-Jul-2026,13-Jul-2026,26298.5,26805.75,26607.3,26762.65,2026-07-20
STRATEGY INDICES,NIFTY200 MOMENTUM 30,NIFTY200MOMENTM30,30527.45,325.7,1.08,30204.5,30529.15,30154.4,30201.75,0.0,0.0,0,26.02,4.81,1.13,8,22,0,-0.53,-2.32,18-Jul-2025,19-Jun-2026,17-Jul-2026,13-Jul-2026,31253.85,30570.25,30690.5,30201.75,2026-07-20
STRATEGY INDICES,NIFTY MIDCAP150 QUALITY 50,NIFTY M150 QLTY50,24180.0,176.0,0.73,23979.4,24183.4,23950.3,24004.0,0.0,0.0,0,32.2,7.32,1.06,13,37,0,-3.01,-1.07,18-Jul-2025,19-Jun-2026,17-Jul-2026,13-Jul-2026,24442.5,24154.15,24929.3,24004.0,2026-07-20
STRATEGY INDICES,NIFTY200 ALPHA 30,NIFTY200 ALPHA 30,26082.25,193.95,0.75,25890.0,26088.25,25857.85,25888.3,0.0,0.0,0,21.62,5.4,1.05,10,20,0,3.89,-1.51,18-Jul-2025,19-Jun-2026,17-Jul-2026,13-Jul-2026,26480.95,26308.05,25104.95,25888.3,2026-07-20
STRATEGY INDICES,NIFTY MIDCAP150 MOMENTUM 50,NIFTYM150MOMNTM50,62641.6,501.0,0.81,62056.55,62645.1,62011.25,62140.6,0.0,0.0,0,28.83,5.67,0.53,13,37,0,1.16,-2.97,18-Jul-2025,19-Jun-2026,17-Jul-2026,13-Jul-2026,64557.15,62882.5,61923.1,62140.6,2026-07-20
STRATEGY INDICES,NIFTY500 MOMENTUM 50,NIFTY500MOMENTM50,53436.45,506.2,0.96,52865.85,53443.95,52791.9,52930.25,0.0,0.0,0,33.11,6.54,0.54,17,33,0,0.76,-1.74,18-Jul-2025,19-Jun-2026,17-Jul-2026,13-Jul-2026,54381.55,53456.8,53031.5,52930.25,2026-07-20
STRATEGY INDICES,NIFTY MIDSMALLCAP400 MOMENTUM QUALITY 100,NIFTYMS400 MQ 100,50715.7,444.35,0.88,50194.95,50727.95,50169.9,50271.35,0.0,0.0,0,31.39,6.64,0.7,33,67,0,0.97,-1.75,18-Jul-2025,19-Jun-2026,17-Jul-2026,13-Jul-2026,51617.8,50763.5,50227.4,50271.35,2026-07-20
STRATEGY INDICES,NIFTY SMALLCAP250 MOMENTUM QUALITY 100,NIFTYSML250MQ 100,47502.5,246.8,0.52,47154.95,47649.65,47122.65,47255.7,0.0,0.0,0,28.99,4.82,0.75,47,53,0,-1.85,2.37,18-Jul-2025,19-Jun-2026,17-Jul-2026,13-Jul-2026,46404.85,47630.3,48398.05,47255.7,2026-07-20
STRATEGY INDICES,NIFTY TOP 10 EQUAL WEIGHT,NIFTY TOP 10 EW,8623.25,-73.75,-0.85,8613.35,8650.15,8582.9,8697.0,0.0,0.0,0,18.51,3.18,1.31,5,5,0,-10.25,-0.15,18-Jul-2025,19-Jun-2026,17-Jul-2026,13-Jul-2026,8636.15,8622.5,9608.0,8697.0,2026-07-20
STRATEGY INDICES,NIFTY ALPHA QUALITY LOW-VOLATILITY 30,NIFTY AQL 30,22972.8,210.3,0.92,22773.95,22981.7,22742.3,22762.5,0.0,0.0,0,29.36,6.81,1.43,10,20,0,2.42,1.66,18-Jul-2025,19-Jun-2026,17-Jul-2026,13-Jul-2026,22596.65,22801.7,22430.1,22762.5,2026-07-20
STRATEGY INDICES,NIFTY ALPHA QUALITY VALUE LOW-VOLATILITY 30,NIFTY AQLV 30,20345.25,226.55,1.13,20127.2,20351.7,20105.05,20118.7,0.0,0.0,0,16.79,3.09,1.67,4,26,0,-1.61,1.76,18-Jul-2025,19-Jun-2026,17-Jul-2026,13-Jul-2026,19993.25,20122.3,20678.55,20118.7,2026-07-20
STRATEGY INDICES,NIFTY HIGH BETA 50,NIFTY HIGHBETA 50,4445.5,0.8,0.02,4436.9,4447.85,4411.35,4444.7,0.0,0.0,0,20.92,3.68,0.85,26,24,0,16.32,2.33,18-Jul-2025,19-Jun-2026,17-Jul-2026,13-Jul-2026,4344.3,4479.9,3821.7,4444.7,2026-07-20
STRATEGY INDICES,NIFTY LOW VOLATILITY 50,NIFTY LOW VOL 50,24688.0,112.9,0.46,24551.2,24690.55,24508.3,24575.1,0.0,0.0,0,26.68,4.53,1.36,14,36,0,-1.31,1.7,18-Jul-2025,19-Jun-2026,17-Jul-2026,13-Jul-2026,24274.3,24602.6,25016.0,24575.1,2026-07-20
STRATEGY INDICES,NIFTY QUALITY LOW-VOLATILITY 30,NIFTY QLTY LV 30,16636.25,108.05,0.65,16497.95,16640.25,16481.5,16528.2,0.0,0.0,0,26.98,5.8,1.63,10,20,0,-2.89,2.46,18-Jul-2025,19-Jun-2026,17-Jul-2026,13-Jul-2026,16237.3,16476.45,17130.7,16528.2,2026-07-20
STRATEGY INDICES,NIFTY SMALLCAP250 QUALITY 50,NIFTY SML250 Q50,25382.05,17.5,0.07,25317.5,25471.95,25226.6,25364.55,0.0,0.0,0,25.32,5.02,1.35,23,27,0,-11.03,0.21,18-Jul-2025,19-Jun-2026,17-Jul-2026,13-Jul-2026,25328.8,25500.3,28530.05,25364.55,2026-07-20
STRATEGY INDICES,NIFTY TOP 15 EQUAL WEIGHT,NIFTY TOP 15 EW,9802.25,-70.35,-0.71,9812.6,9827.15,9752.1,9872.6,0.0,0.0,0,19.74,3.33,1.28,8,7,0,-4.39,0.74,18-Jul-2025,19-Jun-2026,17-Jul-2026,13-Jul-2026,9730.35,9776.7,10252.75,9872.6,2026-07-20
STRATEGY INDICES,NIFTY100 ALPHA 30,NIFTY100 ALPHA 30,18067.55,148.3,0.83,17948.7,18068.4,17903.05,17919.25,0.0,0.0,0,21.3,3.39,1.31,7,23,0,0.18,-1.26,18-Jul-2025,19-Jun-2026,17-Jul-2026,13-Jul-2026,18298.4,18024.1,18035.1,17919.25,2026-07-20
STRATEGY INDICES,NIFTY200 VALUE 30,NIFTY200 VALUE 30,15182.9,181.8,1.21,14989.55,15187.75,14964.25,15001.1,0.0,0.0,0,8.63,1.4,2.63,3,27,0,14.86,-1.76,18-Jul-2025,19-Jun-2026,17-Jul-2026,13-Jul-2026,15454.75,15074.45,13219.1,15001.1,2026-07-20
STRATEGY INDICES,NIFTY500 EQUAL WEIGHT,NIFTY500 EW,14933.7,41.3,0.28,14871.35,14946.1,14843.65,14892.4,0.0,0.0,0,28.26,3.71,0.83,207,291,2,1.71,1.01,18-Jul-2025,19-Jun-2026,17-Jul-2026,13-Jul-2026,14784.8,15013.1,14683.05,14892.4,2026-07-20
STRATEGY INDICES,NIFTY500 MULTICAP MOMENTUM QUALITY 50,NIFTY MULTI MQ 50,41040.95,300.75,0.74,40717.5,41088.45,40666.45,40740.2,0.0,0.0,0,31.68,8.11,1.02,18,32,0,-3.61,-4.24,18-Jul-2025,19-Jun-2026,17-Jul-2026,13-Jul-2026,42858.15,41088.85,42577.05,40740.2,2026-07-20
STRATEGY INDICES,NIFTY500 VALUE 50,NIFTY500 VALUE 50,16125.95,148.9,0.93,15965.5,16131.6,15940.85,15977.05,0.0,0.0,0,9.73,1.43,2.61,15,35,0,12.69,-2.46,18-Jul-2025,19-Jun-2026,17-Jul-2026,13-Jul-2026,16533.15,16107.0,14309.55,15977.05,2026-07-20
STRATEGY INDICES,NIFTY TOP 20 EQUAL WEIGHT,NIFTY TOP 20 EW,8772.05,-28.35,-0.32,8761.4,8776.85,8732.9,8800.4,0.0,0.0,0,21.6,3.6,1.45,8,12,0,-3.57,1.71,18-Jul-2025,19-Jun-2026,17-Jul-2026,13-Jul-2026,8624.4,8747.0,9096.75,8800.4,2026-07-20
STRATEGY INDICES,NIFTY500 QUALITY 50,NIFTY500 QLTY50,19815.75,97.25,0.49,19718.0,19826.75,19660.05,19718.5,0.0,0.0,0,27.31,9.27,1.51,20,30,0,-0.56,-0.7,18-Jul-2025,19-Jun-2026,17-Jul-2026,13-Jul-2026,19955.7,19793.8,19926.5,19718.5,2026-07-20
STRATEGY INDICES,NIFTY500 LOW VOLATILITY 50,NIFTY500 LOWVOL50,22382.3,166.2,0.75,22220.8,22383.3,22189.95,22216.1,0.0,0.0,0,21.92,3.91,1.67,15,34,1,3.02,1.94,18-Jul-2025,19-Jun-2026,17-Jul-2026,13-Jul-2026,21956.25,22153.9,21725.3,22216.1,2026-07-20
STRATEGY INDICES,NIFTY500 MULTIFACTOR MQVLV 50,NIFTY500 MQVLV50,31192.75,283.45,0.92,30874.15,31208.65,30840.7,30909.3,0.0,0.0,0,13.25,2.52,1.99,14,35,1,-1.4,0.18,18-Jul-2025,19-Jun-2026,17-Jul-2026,13-Jul-2026,31135.35,31121.15,31637.1,30909.3,2026-07-20
STRATEGY INDICES,NIFTY50 USD,NIFTY50 USD,8720.4,-36.88,-0.42,8757.3,8757.3,8645.45,8757.28,0.0,0.0,0,0,0,0,,,,-13.16,-1.13,,19-Jun-2026,17-Jul-2026,13-Jul-2026,8819.97,8773.33,0.0,8757.28,2026-07-20
STRATEGY INDICES,NIFTY500 FLEXICAP QUALITY 30,NIFTY500 FLEXICAP,9928.8,52.35,0.53,9877.7,9948.15,9853.2,9876.45,0.0,0.0,0,33.38,7.02,1.25,12,18,0,0.0,1.71,,19-Jun-2026,17-Jul-2026,13-Jul-2026,9762.2,9902.3,0.0,9876.45,2026-07-20
STRATEGY INDICES,NIFTY TOTAL MARKET MOMENTUM QUALITY 50,NIFTY TMMQ 50,43468.1,367.15,0.85,43073.15,43473.0,43015.45,43100.95,0.0,0.0,0,36.53,9.95,0.97,15,35,0,0.0,-3.51,,19-Jun-2026,17-Jul-2026,13-Jul-2026,45051.35,43487.25,0.0,43100.95,2026-07-20
THEMATIC INDICES,NIFTY COMMODITIES,NIFTY COMMODITIES,9932.3,100.2,1.02,9840.7,9934.2,9824.65,9832.1,10569.65,8560.6,0,14.22,2.13,1.82,3,27,0,11.01,-1.23,18-Jul-2025,19-Jun-2026,17-Jul-2026,13-Jul-2026,10055.8,9842.1,8947.25,9832.1,2026-07-20
THEMATIC INDICES,NIFTY INDIA CONSUMPTION,NIFTY CONSUMPTION,11745.15,40.15,0.34,11693.5,11756.8,11671.35,11705.0,12716.2,10298.5,0,39.02,7.29,0.76,9,21,0,0.39,1.06,18-Jul-2025,19-Jun-2026,17-Jul-2026,13-Jul-2026,11621.6,11667.2,11699.15,11705.0,2026-07-20
THEMATIC INDICES,NIFTY CPSE,NIFTY CPSE,6675.85,60.4,0.91,6628.4,6695.8,6610.8,6615.45,7593.35,6101.9,0,12.6,2.13,2.81,1,10,0,2.08,-2.76,18-Jul-2025,19-Jun-2026,17-Jul-2026,13-Jul-2026,6865.05,6685.75,6540.0,6615.45,2026-07-20
THEMATIC INDICES,NIFTY ENERGY,NIFTY ENERGY,39686.1,409.1,1.04,39273.1,39708.8,39236.35,39277.0,41828.55,32890.3,0,14.32,2.31,1.93,6,34,0,9.53,-2.13,18-Jul-2025,19-Jun-2026,17-Jul-2026,13-Jul-2026,40548.1,39220.35,36231.65,39277.0,2026-07-20
THEMATIC INDICES,NIFTY INFRASTRUCTURE,NIFTY INFRA,9452.8,75.45,0.8,9354.65,9453.5,9347.8,9377.35,9792.6,8426.65,0,21.17,2.9,1.09,5,25,0,2.56,-0.62,18-Jul-2025,19-Jun-2026,17-Jul-2026,13-Jul-2026,9511.85,9381.15,9216.9,9377.35,2026-07-20
THEMATIC INDICES,NIFTY100 LIQUID 15,NIFTY100 LIQ 15,7514.9,13.85,0.18,7466.7,7515.4,7458.0,7501.05,7774.6,6565.7,0,24.64,3.12,0.96,6,9,0,7.02,1.38,18-Jul-2025,19-Jun-2026,17-Jul-2026,13-Jul-2026,7412.75,7448.05,7022.25,7501.05,2026-07-20
THEMATIC INDICES,NIFTY MIDCAP LIQUID 15,NIFTY MID LIQ 15,16738.1,57.3,0.34,16672.3,16762.7,16577.05,16680.8,17142.65,13702.75,0,39.8,5.29,0.51,7,8,0,8.57,0.44,18-Jul-2025,19-Jun-2026,17-Jul-2026,13-Jul-2026,16664.25,16900.1,15416.2,16680.8,2026-07-20
THEMATIC INDICES,NIFTY MNC,NIFTY MNC,32579.3,80.9,0.25,32510.4,32618.05,32383.05,32498.4,33825.6,27597.2,0,35.93,7.42,1.61,13,17,0,11.81,-0.32,18-Jul-2025,19-Jun-2026,17-Jul-2026,13-Jul-2026,32685.15,32448.3,29137.65,32498.4,2026-07-20
THEMATIC INDICES,NIFTY PSE,NIFTY PSE,10015.8,77.25,0.78,9933.3,10020.45,9915.45,9938.55,10839.05,9168.35,0,10.12,1.99,2.85,4,16,0,0.54,-1.6,18-Jul-2025,19-Jun-2026,17-Jul-2026,13-Jul-2026,10178.5,9958.35,9962.25,9938.55,2026-07-20
THEMATIC INDICES,NIFTY SERVICES SECTOR,NIFTY SERV SECTOR,31211.5,-227.95,-0.73,31138.25,31235.0,31022.1,31439.45,34549.75,28232.65,0,20.17,3.18,1.29,8,22,0,-4.73,2.12,18-Jul-2025,19-Jun-2026,17-Jul-2026,13-Jul-2026,30562.7,31271.2,32761.35,31439.45,2026-07-20
THEMATIC INDICES,NIFTY100 ESG SECTOR LEADERS,NIFTY100ESGSECLDR,4085.5,-10.45,-0.26,4072.1,4085.6,4064.65,4095.95,0.0,0.0,0,21.79,3.31,1.2,20,40,0,-2.4,1.71,18-Jul-2025,19-Jun-2026,17-Jul-2026,13-Jul-2026,4017.0,4072.8,4185.75,4095.95,2026-07-20
THEMATIC INDICES,NIFTY INDIA DIGITAL,NIFTY IND DIGITAL,8258.0,15.6,0.19,8243.55,8284.65,8236.9,8242.4,9723.25,7233.65,0,28.85,7.02,1.56,27,24,0,-7.62,5.26,18-Jul-2025,19-Jun-2026,17-Jul-2026,13-Jul-2026,7845.65,8256.15,8939.35,8242.4,2026-07-20
THEMATIC INDICES,NIFTY100 ESG,NIFTY100 ESG,4990.15,-1.1,-0.02,4976.75,4990.2,4966.45,4991.25,0.0,0.0,0,21.62,3.72,1.36,25,55,0,1.55,1.95,18-Jul-2025,19-Jun-2026,17-Jul-2026,13-Jul-2026,4894.5,4971.15,4913.9,4991.25,2026-07-20
THEMATIC INDICES,NIFTY INDIA MANUFACTURING,NIFTY INDIA MFG,16005.25,79.6,0.5,15916.35,16005.55,15896.95,15925.65,0.0,0.0,0,27.14,4.21,1.05,24,52,0,11.05,-0.1,18-Jul-2025,19-Jun-2026,17-Jul-2026,13-Jul-2026,16020.9,15900.15,14412.75,15925.65,2026-07-20
THEMATIC INDICES,NIFTY INDIA CORPORATE GROUP INDEX - TATA GROUP 25% CAP,NIFTY TATA 25 CAP,14193.4,25.7,0.18,14178.95,14227.7,14126.65,14167.7,15588.85,13218.65,0,33.19,4.5,1.73,4,6,0,-5.57,-0.48,18-Jul-2025,19-Jun-2026,17-Jul-2026,13-Jul-2026,14261.35,14127.4,15030.7,14167.7,2026-07-20
THEMATIC INDICES,NIFTY500 MULTICAP INDIA MANUFACTURING 50:30:20,NIFTY MULTI MFG,16525.1,96.6,0.59,16419.05,16525.85,16406.15,16428.5,16649.05,14148.2,0,29.09,3.86,0.85,24,51,0,8.01,1.52,18-Jul-2025,19-Jun-2026,17-Jul-2026,13-Jul-2026,16278.45,16344.55,15300.3,16428.5,2026-07-20
THEMATIC INDICES,NIFTY500 MULTICAP INFRASTRUCTURE 50:30:20,NIFTY MULTI INFRA,14741.9,97.9,0.67,14612.15,14742.7,14604.05,14644.0,14885.8,12542.85,0,23.3,3.46,0.9,26,49,0,2.85,0.12,18-Jul-2025,19-Jun-2026,17-Jul-2026,13-Jul-2026,14724.65,14698.8,14333.95,14644.0,2026-07-20
THEMATIC INDICES,NIFTY INDIA DEFENCE,NIFTY IND DEFENCE,9348.7,3.35,0.04,9321.7,9360.55,9294.5,9345.35,9784.6,7184.9,0,56.61,12.43,0.53,9,9,1,14.52,-2.49,18-Jul-2025,19-Jun-2026,17-Jul-2026,13-Jul-2026,9587.5,9414.1,8163.4,9345.35,2026-07-20
THEMATIC INDICES,NIFTY INDIA TOURISM,NIFTY IND TOURISM,7959.9,-17.35,-0.22,7947.85,7962.8,7877.75,7977.25,9452.55,6502.65,0,77.57,9.61,0.38,8,7,0,-15.57,0.85,18-Jul-2025,19-Jun-2026,17-Jul-2026,13-Jul-2026,7893.15,8147.0,9428.35,7977.25,2026-07-20
THEMATIC INDICES,NIFTY CAPITAL MARKETS,NIFTY CAPITAL MKT,5409.85,25.3,0.47,5378.1,5414.95,5335.75,5384.55,5697.1,4086.85,0,46.85,12.97,0.81,10,7,0,16.96,-2.75,18-Jul-2025,19-Jun-2026,17-Jul-2026,13-Jul-2026,5562.7,5537.5,4625.55,5384.55,2026-07-20
THEMATIC INDICES,NIFTY EV & NEW AGE AUTOMOTIVE,NIFTY EV,3147.3,-2.0,-0.06,3146.7,3155.9,3134.05,3149.3,0.0,0.0,0,41.29,4.71,0.91,22,16,0,6.67,0.72,18-Jul-2025,19-Jun-2026,17-Jul-2026,13-Jul-2026,3124.65,3128.7,2950.5,3149.3,2026-07-20
THEMATIC INDICES,NIFTY INDIA NEW AGE CONSUMPTION,NIFTY NEW CONSUMP,11759.4,4.15,0.04,11730.9,11775.9,11694.25,11755.25,0.0,0.0,0,46.83,6.87,0.58,38,37,0,0.45,3.06,18-Jul-2025,19-Jun-2026,17-Jul-2026,13-Jul-2026,11410.65,11784.8,11706.6,11755.25,2026-07-20
THEMATIC INDICES,NIFTY INDIA SELECT 5 CORPORATE GROUPS (MAATR),NIFTY CORP MAATR,39099.15,112.8,0.29,38990.1,39117.7,38916.25,38986.35,0.0,0.0,0,25.21,3.21,0.93,17,24,1,6.36,1.26,18-Jul-2025,19-Jun-2026,17-Jul-2026,13-Jul-2026,38612.3,38775.3,36760.5,38986.35,2026-07-20
THEMATIC INDICES,NIFTY MOBILITY,NIFTY MOBILITY,22510.8,-54.8,-0.24,22513.35,22521.0,22393.45,22565.6,0.0,0.0,0,32.89,4.35,1.01,13,17,0,7.46,1.9,18-Jul-2025,19-Jun-2026,17-Jul-2026,13-Jul-2026,22091.2,22466.75,20948.25,22565.6,2026-07-20
THEMATIC INDICES,NIFTY100 ENHANCED ESG,NIFTY100 ENH ESG,5024.2,-1.1,-0.02,5010.7,5024.25,5000.3,5025.3,0.0,0.0,0,21.61,3.73,1.36,25,53,0,1.5,1.98,18-Jul-2025,19-Jun-2026,17-Jul-2026,13-Jul-2026,4926.75,5004.95,4949.8,5025.3,2026-07-20
THEMATIC INDICES,NIFTY CORE HOUSING,NIFTY COREHOUSING,15890.85,64.1,0.41,15804.35,15909.1,15722.85,15826.75,16610.25,12788.2,0,34.31,3.63,0.54,12,17,1,-3.85,3.0,18-Jul-2025,19-Jun-2026,17-Jul-2026,13-Jul-2026,15428.65,15863.05,16527.65,15826.75,2026-07-20
THEMATIC INDICES,NIFTY HOUSING,NIFTY HOUSING,12063.3,29.7,0.25,11987.65,12066.5,11960.4,12033.6,12244.25,10358.7,0,22.15,2.87,0.95,13,37,0,4.67,-0.59,18-Jul-2025,19-Jun-2026,17-Jul-2026,13-Jul-2026,12134.5,12076.75,11525.5,12033.6,2026-07-20
THEMATIC INDICES,NIFTY IPO,NIFTY IPO,2291.05,-4.0,-0.17,2292.65,2298.5,2286.8,2295.05,2336.35,1774.6,0,54.44,9.89,0.12,52,52,0,8.49,1.01,18-Jul-2025,19-Jun-2026,17-Jul-2026,13-Jul-2026,2268.2,2323.4,2111.85,2295.05,2026-07-20
THEMATIC INDICES,NIFTY MIDSMALL INDIA CONSUMPTION,NIFTY MS IND CONS,18964.65,131.85,0.7,18794.0,18969.0,18752.25,18832.8,20135.15,15614.35,0,35.72,8.51,0.8,10,20,0,-5.28,5.04,18-Jul-2025,19-Jun-2026,17-Jul-2026,13-Jul-2026,18053.85,18961.0,20021.7,18832.8,2026-07-20
THEMATIC INDICES,NIFTY NON-CYCLICAL CONSUMER,NIFTY NONCYC CONS,15329.25,88.5,0.58,15212.75,15343.4,15194.65,15240.75,16983.45,13311.1,0,55.6,9.87,0.67,7,23,0,-4.52,1.17,18-Jul-2025,19-Jun-2026,17-Jul-2026,13-Jul-2026,15152.65,15210.45,16054.15,15240.75,2026-07-20
THEMATIC INDICES,NIFTY RURAL,NIFTY RURAL,15447.15,71.55,0.47,15375.3,15447.75,15342.15,15375.6,16396.4,13751.35,0,24.09,3.81,0.98,27,47,1,2.54,0.56,18-Jul-2025,19-Jun-2026,17-Jul-2026,13-Jul-2026,15361.45,15373.2,15065.2,15375.6,2026-07-20
THEMATIC INDICES,NIFTY SHARIAH 25,NIFTY SHARIAH 25,7952.1,41.5,0.52,7921.0,7958.1,7908.9,7910.6,8562.1,7196.6,0,26.44,4.78,1.88,8,17,0,-3.33,2.65,18-Jul-2025,19-Jun-2026,17-Jul-2026,13-Jul-2026,7746.65,7861.4,8225.95,7910.6,2026-07-20
THEMATIC INDICES,NIFTY TRANSPORTATION & LOGISTICS,NIFTY TRANS LOGIS,25024.65,-89.65,-0.36,25070.4,25076.65,24903.0,25114.3,26459.7,21355.4,0,43.13,5.12,0.84,16,14,0,7.66,2.19,18-Jul-2025,19-Jun-2026,17-Jul-2026,13-Jul-2026,24488.2,25050.25,23243.65,25114.3,2026-07-20
THEMATIC INDICES,NIFTY50 SHARIAH,NIFTY50 SHARIAH,4272.95,22.65,0.53,4264.05,4275.7,4253.35,4250.3,4982.45,4082.25,0,23.47,3.96,1.9,5,12,0,-9.4,1.92,18-Jul-2025,19-Jun-2026,17-Jul-2026,13-Jul-2026,4192.35,4242.15,4716.05,4250.3,2026-07-20
THEMATIC INDICES,NIFTY500 SHARIAH,NIFTY500 SHARIAH,6953.8,41.05,0.59,6914.7,6954.3,6907.55,6912.75,7291.95,6162.95,0,28.54,4.59,1.25,80,115,1,-3.18,0.53,18-Jul-2025,19-Jun-2026,17-Jul-2026,13-Jul-2026,6917.4,6933.3,7182.5,6912.75,2026-07-20
THEMATIC INDICES,NIFTY SME EMERGE,NIFTY SME EMERGE,14100.7,-41.35,-0.29,14124.9,14155.05,14087.6,14142.05,17223.65,11015.55,0,23.03,3.56,0.21,,,,-7.44,0.43,18-Jul-2025,19-Jun-2026,17-Jul-2026,13-Jul-2026,14040.8,14102.35,15233.69,14142.05,2026-07-20
THEMATIC INDICES,NIFTY INDIA INTERNET,NIFTY INTERNET,1345.2,0.5,0.04,1342.15,1349.35,1338.7,1344.7,1501.9,1056.45,0,171.69,7.06,0.21,14,13,0,0.0,6.89,,19-Jun-2026,17-Jul-2026,13-Jul-2026,1258.5,1355.4,0.0,1344.7,2026-07-20
THEMATIC INDICES,NIFTY WAVES,NIFTY WAVES,1957.35,0.9,0.05,1962.25,1970.65,1952.35,1956.45,2789.8,1581.05,0,0,2.57,0.6,19,20,2,-14.67,-0.34,18-Jul-2025,19-Jun-2026,17-Jul-2026,13-Jul-2026,1964.05,2001.35,2293.85,1956.45,2026-07-20
THEMATIC INDICES,NIFTY INDIA INFRASTRUCTURE & LOGISTICS,NIFTY INFRALOG,12273.05,76.55,0.63,12185.5,12276.65,12144.85,12196.5,12549.95,9210.4,0,29.96,4.3,0.81,38,61,1,0.0,-1.25,,19-Jun-2026,17-Jul-2026,13-Jul-2026,12429.0,12287.8,0.0,12196.5,2026-07-20
THEMATIC INDICES,NIFTY INDIA RAILWAYS PSU,NIFTY RAILWAYSPSU,2874.0,18.55,0.65,2856.8,2875.2,2838.9,2855.45,4005.5,2744.6,0,20.47,2.99,1.88,8,9,0,-23.45,-3.55,18-Jul-2025,19-Jun-2026,17-Jul-2026,13-Jul-2026,2979.75,2856.3,3754.35,2855.45,2026-07-20
THEMATIC INDICES,NIFTY CONGLOMERATE 50,NIFTYCONGLOMERATE,14921.75,58.9,0.4,14877.55,14926.85,14819.6,14862.85,15284.3,12226.8,0,24.28,3.98,1.04,21,29,0,4.9,0.98,18-Jul-2025,19-Jun-2026,17-Jul-2026,13-Jul-2026,14776.45,14868.65,14225.3,14862.85,2026-07-20
FIXED INCOME INDICES,NIFTY 8-13 YR G-SEC,NIFTY GS 8 13YR,3045.49,-4.22,-0.13,3050.25,3050.27,3039.52,3049.71,0.0,0.0,0,0,0,0,,,,3.43,1.1,18-Jul-2025,19-Jun-2026,17-Jul-2026,13-Jul-2026,3012.39,3053.62,2944.52,3048.58,2026-07-20
FIXED INCOME INDICES,NIFTY 10 YR BENCHMARK G-SEC,NIFTY GS 10YR,2670.08,-3.18,-0.11,2673.76,2673.76,2663.23,2673.26,0.0,0.0,0,0,0,0,,,,2.45,1.01,18-Jul-2025,19-Jun-2026,17-Jul-2026,13-Jul-2026,2643.5,2677.66,2606.27,2672.27,2026-07-20
FIXED INCOME INDICES,NIFTY 10 YR BENCHMARK G-SEC (CLEAN PRICE),NIFTY GS 10YR CLN,877.54,-1.23,-0.13,878.77,878.77,875.26,878.77,0.0,0.0,0,0,0,0,,,,-4.16,0.42,18-Jul-2025,19-Jun-2026,17-Jul-2026,13-Jul-2026,873.88,881.24,915.67,878.78,2026-07-20
FIXED INCOME INDICES,NIFTY 4-8 YR G-SEC INDEX,NIFTY GS 4 8YR,3325.34,-3.51,-0.1,3329.44,3329.44,3320.69,3328.85,0.0,0.0,0,0,0,0,,,,4.58,0.64,18-Jul-2025,19-Jun-2026,17-Jul-2026,13-Jul-2026,3304.18,3331.25,3179.64,3327.65,2026-07-20
FIXED INCOME INDICES,NIFTY 11-15 YR G-SEC INDEX,NIFTY GS 11 15YR,3369.6,-3.91,-0.11,3374.15,3374.15,3362.51,3373.51,0.0,0.0,0,0,0,0,,,,3.97,1.71,18-Jul-2025,19-Jun-2026,17-Jul-2026,13-Jul-2026,3312.98,3378.2,3240.86,3372.22,2026-07-20
FIXED INCOME INDICES,NIFTY 15 YR AND ABOVE G-SEC INDEX,NIFTY GS 15YRPLUS,3555.15,-14.06,-0.39,3569.93,3569.93,3548.81,3569.21,0.0,0.0,0,0,0,0,,,,0.9,1.16,18-Jul-2025,19-Jun-2026,17-Jul-2026,13-Jul-2026,3514.28,3587.6,3523.33,3567.77,2026-07-20
FIXED INCOME INDICES,NIFTY COMPOSITE G-SEC INDEX,NIFTY GS COMPSITE,3135.09,-5.27,-0.16,3140.94,3140.95,3130.08,3140.36,0.0,0.0,0,0,0,0,,,,3.25,1.12,18-Jul-2025,19-Jun-2026,17-Jul-2026,13-Jul-2026,3100.45,3146.45,3036.45,3139.19,2026-07-20
FIXED INCOME INDICES,NIFTY BHARAT BOND INDEX - APRIL 2030,BHARATBOND-APR30,1604.59,0.62,0.0,1604.91,1604.91,1604.59,1603.97,0.0,0.0,0,0,0,0,,,,4.44,0.34,18-Jul-2025,19-Jun-2026,17-Jul-2026,13-Jul-2026,1599.21,1605.63,1536.42,1603.97,2026-07-20
FIXED INCOME INDICES,NIFTY BHARAT BOND INDEX - APRIL 2031,BHARATBOND-APR31,1458.89,0.64,0.0,1459.09,1459.09,1458.89,1458.25,0.0,0.0,0,0,0,0,,,,4.06,0.33,18-Jul-2025,19-Jun-2026,17-Jul-2026,13-Jul-2026,1454.14,1461.4,1401.97,1458.25,2026-07-20
FIXED INCOME INDICES,NIFTY BHARAT BOND INDEX - APRIL 2032,BHARATBOND-APR32,1325.85,0.77,0.01,1325.85,1325.85,1325.84,1325.08,0.0,0.0,0,0,0,0,,,,3.75,0.46,18-Jul-2025,19-Jun-2026,17-Jul-2026,13-Jul-2026,1319.79,1329.35,1277.88,1325.08,2026-07-20
FIXED INCOME INDICES,NIFTY BHARAT BOND INDEX - APRIL 2033,BHARATBOND-APR33,1286.12,0.75,0.01,1286.12,1286.12,1286.12,1285.37,0.0,0.0,0,0,0,0,,,,3.66,0.65,18-Jul-2025,19-Jun-2026,17-Jul-2026,13-Jul-2026,1277.85,1288.45,1240.67,1285.37,2026-07-20
