key,index,indexSymbol,last,variation,percentChange,open,high,low,previousClose,yearHigh,yearLow,pe,pb,dy,declines,advances,unchanged,perChange365d,perChange30d,previousDay,oneWeekAgoVal,oneMonthAgoVal,oneYearAgoVal,_collected_on
INDICES ELIGIBLE IN DERIVATIVES,NIFTY 50,NIFTY 50,24248.7,-85.6,-0.35,24190.05,24262.35,24135.85,24334.3,26373.2,22182.55,20.96,3.13,1.24,15,35,0,-2.88,0.98,17-Jul-2026,24211.0,24013.1,24968.4,2026-07-20
INDICES ELIGIBLE IN DERIVATIVES,NIFTY NEXT 50,NIFTY NEXT 50,72369.2,540.8,0.75,71745.35,72373.5,71595.4,71828.4,73141.05,59896.1,18.84,3.43,1.26,17,33,0,6.07,0.02,17-Jul-2026,72111.4,72356.65,68225.15,2026-07-20
INDICES ELIGIBLE IN DERIVATIVES,NIFTY BANK,NIFTY BANK,57900.35,-621.05,-1.06,57738.25,57963.55,57533.1,58521.4,61764.85,49954.85,14.7,1.88,0.79,5,9,0,2.87,0.37,17-Jul-2026,58131.45,57685.75,56283.0,2026-07-20
INDICES ELIGIBLE IN DERIVATIVES,NIFTY FINANCIAL SERVICES,NIFTY FIN SERVICE,26556.05,-347.3,-1.29,26557.3,26602.3,26360.4,26903.35,28562.5,23373.95,17.2,2.7,0.97,8,12,0,0.0,0.47,17-Jul-2026,26836.15,26431.15,26556.15,2026-07-20
INDICES ELIGIBLE IN DERIVATIVES,NIFTY MIDCAP SELECT,NIFTY MID SELECT,14784.5,69.1,0.47,14700.5,14786.05,14651.05,14715.4,14876.45,12046.2,30.57,4.9,0.62,7,18,0,12.25,1.13,17-Jul-2026,14839.65,14618.95,13171.0,2026-07-20
BROAD MARKET INDICES,NIFTY 100,NIFTY 100,25289.05,-38.6,-0.15,25199.4,25290.3,25161.55,25327.65,26975.15,22720.45,20.54,3.18,1.24,32,68,0,-1.31,0.81,17-Jul-2026,25240.8,25086.65,25623.5,2026-07-20
BROAD MARKET INDICES,NIFTY 200,NIFTY 200,14015.2,1.05,0.01,13953.2,14015.6,13935.75,14014.15,14700.95,12396.1,21.91,3.41,1.12,62,138,0,0.16,0.75,17-Jul-2026,14003.1,13911.25,13993.45,2026-07-20
BROAD MARKET INDICES,NIFTY 500,NIFTY 500,23344.15,7.85,0.03,23244.3,23344.6,23219.45,23336.3,24144.2,20385.65,23.04,3.47,1.06,209,289,2,0.3,0.86,17-Jul-2026,23347.05,23144.2,23275.15,2026-07-20
BROAD MARKET INDICES,NIFTY MIDCAP 50,NIFTY MIDCAP 50,18052.25,121.4,0.68,17902.0,18053.45,17867.5,17930.85,18114.45,14804.55,33.49,4.76,0.6,15,35,0,8.45,1.79,17-Jul-2026,18089.55,17735.3,16645.4,2026-07-20
BROAD MARKET INDICES,NIFTY MIDCAP 100,NIFTY MIDCAP 100,62833.65,405.6,0.65,62335.75,62837.5,62249.75,62428.05,63183.35,52032.85,29.97,4.8,0.61,30,70,0,6.31,0.51,17-Jul-2026,63040.95,62517.3,59104.5,2026-07-20
BROAD MARKET INDICES,NIFTY SMALLCAP 100,NIFTY SMLCAP 100,19345.0,48.7,0.25,19274.8,19396.1,19231.05,19296.3,19470.5,14986.0,33.22,3.67,0.61,52,48,0,2.03,2.98,17-Jul-2026,19422.95,18784.45,18959.65,2026-07-20
BROAD MARKET INDICES,INDIA VIX,INDIA VIX,13.18,0.03,0.2,13.15,13.84,13.15,13.15,28.91,8.72,0,0,0,,,,15.72,1.62,17-Jul-2026,13.28,12.97,11.39,2026-07-20
BROAD MARKET INDICES,NIFTY MIDCAP 150,NIFTY MIDCAP 150,23099.05,131.15,0.57,22933.85,23100.5,22903.6,22967.9,23239.65,19218.0,29.3,4.76,0.66,49,100,1,5.67,0.55,17-Jul-2026,23167.4,22972.95,21858.85,2026-07-20
BROAD MARKET INDICES,NIFTY SMALLCAP 50,NIFTY SMLCAP 50,9622.85,46.2,0.48,9570.6,9637.8,9544.9,9576.65,9650.5,7338.35,32.61,3.54,0.66,22,28,0,5.02,3.63,17-Jul-2026,9638.2,9285.45,9162.55,2026-07-20
BROAD MARKET INDICES,NIFTY SMALLCAP 250,NIFTY SMLCAP 250,18036.15,32.65,0.18,17975.2,18073.0,17936.35,18003.5,18194.8,14143.45,36.05,3.7,0.64,128,121,1,0.71,1.82,17-Jul-2026,18171.85,17713.8,17909.25,2026-07-20
BROAD MARKET INDICES,NIFTY MIDSMALLCAP 400,NIFTY MIDSML 400,21257.1,92.6,0.44,21132.5,21258.25,21100.6,21164.5,21397.4,17390.85,31.31,4.33,0.65,177,221,2,3.83,0.98,17-Jul-2026,21353.1,21050.35,20473.85,2026-07-20
BROAD MARKET INDICES,NIFTY500 MULTICAP 50:25:25,NIFTY500 MULTICAP,16533.55,18.25,0.11,16460.75,16533.7,16445.55,16515.3,16681.75,14102.2,25.09,3.6,0.95,209,289,2,1.07,0.99,17-Jul-2026,16560.9,16370.75,16358.3,2026-07-20
BROAD MARKET INDICES,NIFTY LARGEMIDCAP 250,NIFTY LARGEMID250,16717.4,34.75,0.21,16627.95,16717.9,16613.8,16682.65,17077.75,14445.65,24.13,3.81,0.95,81,168,1,2.18,0.66,17-Jul-2026,16726.15,16607.65,16359.95,2026-07-20
BROAD MARKET INDICES,NIFTY TOTAL MARKET,NIFTY TOTAL MKT,13167.2,6.9,0.05,13109.8,13167.4,13096.4,13160.3,13548.0,11436.55,23.23,3.47,1.04,311,435,5,0.4,0.84,17-Jul-2026,13177.05,13057.75,13115.0,2026-07-20
BROAD MARKET INDICES,NIFTY MICROCAP 250,NIFTY MICROCAP250,25170.1,115.9,0.46,25017.6,25184.15,24985.85,25054.2,25593.75,18858.5,28.48,3.57,0.6,102,146,3,2.27,0.27,17-Jul-2026,25536.05,25101.5,24612.55,2026-07-20
BROAD MARKET INDICES,NIFTY500 LARGEMIDSMALL EQUAL-CAP WEIGHTED,NIFTY500 LMS EQL,18477.4,36.55,0.2,18390.8,18478.3,18369.35,18440.85,18551.6,15495.1,27.11,3.77,0.85,209,289,2,1.82,1.06,17-Jul-2026,18530.05,18284.05,18147.15,2026-07-20
BROAD MARKET INDICES,NIFTY INDIA FPI 150,NIFTY FPI 150,1566.25,1.9,0.12,1559.15,1566.25,1557.55,1564.35,1641.4,1346.5,22.44,3.55,1.16,43,107,0,0.0,1.02,17-Jul-2026,1562.75,1550.45,0.0,2026-07-20
BROAD MARKET INDICES,NIFTY SMALLCAP 500,NIFTY SMALLCAP 500,20428.2,53.35,0.26,20343.85,20459.3,20311.45,20374.85,20638.95,15960.2,33.28,3.67,0.64,228,268,4,0.0,1.3,17-Jul-2026,20612.5,20166.8,0.0,2026-07-20
BROAD MARKET INDICES,NIFTY MIDSMALLCAP400 50:50,NIFTY MIDSMALL 50 50,20710.3,77.65,0.38,20601.1,20720.2,20567.0,20632.65,20851.9,16874.3,32.33,4.16,0.65,177,221,2,0.0,1.19,17-Jul-2026,20818.7,20467.4,0.0,2026-07-20
SECTORAL INDICES,NIFTY AUTO,NIFTY AUTO,26948.0,-151.75,-0.56,27103.1,27103.1,26806.05,27099.75,29179.1,23378.9,31.26,4.29,1.14,9,6,0,12.78,1.37,17-Jul-2026,26981.5,26583.35,23894.35,2026-07-20
SECTORAL INDICES,NIFTY FINANCIAL SERVICES 25/50,NIFTY FINSRV25 50,28998.95,-251.65,-0.86,28967.4,29034.3,28784.5,29250.6,0.0,0.0,16.78,2.8,1.04,8,12,0,1.29,0.91,17-Jul-2026,29263.65,28737.8,28629.35,2026-07-20
SECTORAL INDICES,NIFTY FMCG,NIFTY FMCG,49007.25,258.55,0.53,48800.55,49096.7,48601.8,48748.7,58485.05,45334.15,33.54,8.24,1.01,4,11,0,-13.27,-1.11,17-Jul-2026,48809.9,49558.7,56506.9,2026-07-20
SECTORAL INDICES,NIFTY IT,NIFTY IT,29209.25,-17.35,-0.06,29324.45,29483.15,29113.75,29226.6,40301.4,25699.1,18.93,5.2,2.96,5,5,0,-21.36,6.5,17-Jul-2026,29015.85,27426.85,37141.85,2026-07-20
SECTORAL INDICES,NIFTY MEDIA,NIFTY MEDIA,1540.0,18.55,1.22,1525.4,1546.6,1518.05,1521.45,1715.8,1245.05,36.13,1.6,1.15,3,6,1,-13.05,1.62,17-Jul-2026,1515.3,1515.4,1771.05,2026-07-20
SECTORAL INDICES,NIFTY METAL,NIFTY METAL,12553.15,116.2,0.93,12472.85,12594.1,12454.9,12436.95,13931.35,9086.35,16.58,2.6,1.84,3,12,0,32.72,-3.59,17-Jul-2026,12601.45,13020.8,9458.2,2026-07-20
SECTORAL INDICES,NIFTY PHARMA,NIFTY PHARMA,26105.75,460.75,1.8,25699.3,26126.2,25657.6,25645.0,26135.75,21149.9,39.92,5.18,0.62,2,18,0,15.55,6.73,17-Jul-2026,25643.35,24460.3,22592.75,2026-07-20
SECTORAL INDICES,NIFTY PSU BANK,NIFTY PSU BANK,8570.6,188.85,2.25,8397.25,8575.65,8381.1,8381.75,9918.65,6730.3,7.94,1.18,1.03,0,11,1,19.66,-1.67,17-Jul-2026,8460.6,8716.5,7162.5,2026-07-20
SECTORAL INDICES,NIFTY PRIVATE BANK,NIFTY PVT BANK,27882.25,-626.25,-2.2,27917.9,28043.45,27706.75,28508.5,29748.45,23957.45,18.59,2.23,0.68,5,5,0,1.26,-0.04,17-Jul-2026,28154.1,27892.05,27534.5,2026-07-20
SECTORAL INDICES,NIFTY REALTY,NIFTY REALTY,914.65,-4.05,-0.44,916.0,916.15,906.8,918.7,974.5,638.65,40.42,4.16,0.33,8,2,0,-8.53,12.66,17-Jul-2026,937.15,811.9,999.9,2026-07-20
SECTORAL INDICES,NIFTY HEALTHCARE INDEX,NIFTY HEALTHCARE,16552.45,269.55,1.66,16308.4,16562.75,16280.75,16282.9,16585.2,13536.5,42.71,5.65,0.55,2,18,0,12.85,5.64,17-Jul-2026,16295.9,15669.0,14668.3,2026-07-20
SECTORAL INDICES,NIFTY CONSUMER DURABLES,NIFTY CONSR DURBL,39627.1,230.75,0.59,39244.45,39684.15,39144.15,39396.35,40472.45,32587.95,70.87,12.36,0.4,3,10,0,2.58,6.42,17-Jul-2026,38649.65,37237.0,38630.75,2026-07-20
SECTORAL INDICES,NIFTY OIL & GAS,NIFTY OIL AND GAS,11390.95,92.3,0.82,11247.1,11408.9,11236.8,11298.65,12445.7,10580.95,8.97,1.53,2.41,2,13,0,-3.24,1.98,17-Jul-2026,11176.55,11169.75,11771.9,2026-07-20
SECTORAL INDICES,NIFTY MIDSMALL HEALTHCARE,NIFTY MIDSML HLTH,51414.35,590.65,1.16,50859.05,51467.2,50786.15,50823.7,51696.45,40352.9,46.36,6.18,0.38,6,24,0,14.08,6.0,17-Jul-2026,51029.6,48505.0,45067.3,2026-07-20
SECTORAL INDICES,NIFTY FINANCIAL SERVICES EX-BANK,NIFTY FINSEREXBNK,31955.35,77.5,0.24,31870.4,31977.75,31656.4,31877.85,32654.2,26788.05,22.75,4.15,0.75,13,17,0,6.74,0.86,17-Jul-2026,32345.65,31683.2,29937.2,2026-07-20
SECTORAL INDICES,NIFTY MIDSMALL FINANCIAL SERVICES,NIFTY MS FIN SERV,22363.45,87.45,0.39,22229.9,22369.1,22134.0,22276.0,22772.5,17421.5,28.62,3.35,0.43,12,18,0,19.92,-0.48,17-Jul-2026,22739.0,22472.15,18648.0,2026-07-20
SECTORAL INDICES,NIFTY MIDSMALL IT & TELECOM,NIFTY MS IT TELCM,9579.65,-26.85,-0.28,9588.45,9667.4,9544.2,9606.5,10591.6,7748.35,18.69,8.65,0.65,13,7,0,-6.27,1.36,17-Jul-2026,9708.15,9450.9,10220.25,2026-07-20
SECTORAL INDICES,NIFTY CHEMICALS,NIFTY CHEMICALS,30485.15,218.45,0.72,30202.75,30568.3,30179.7,30266.7,31895.45,24851.65,48.5,4.36,0.56,9,11,0,-1.69,2.14,17-Jul-2026,29700.75,29846.0,31009.81,2026-07-20
SECTORAL INDICES,NIFTY500 HEALTHCARE,NIFTY500 HEALTH,21435.15,315.5,1.49,21142.55,21443.1,21115.65,21119.65,21470.95,16294.6,44.81,6.01,0.48,9,39,0,0.0,5.6,17-Jul-2026,21155.25,20298.15,0.0,2026-07-20
SECTORAL INDICES,NIFTY REITS & REALTY,NIFTY REITS REALTY,1963.0,-1.8,-0.09,1965.7,1966.5,1955.3,1964.8,1976.65,1632.55,53.64,2.67,3.17,9,6,0,0.0,8.23,17-Jul-2026,1971.1,1813.65,0.0,2026-07-20
SECTORAL INDICES,NIFTY CEMENT,NIFTY CEMENT,15392.6,117.65,0.77,15242.3,15402.05,15164.2,15274.95,18188.6,13534.8,28.93,2.27,0.51,4,12,0,0.0,3.18,17-Jul-2026,15142.1,14918.65,0.0,2026-07-20
STRATEGY INDICES,NIFTY DIVIDEND OPPORTUNITIES 50,NIFTY DIV OPPS 50,5860.5,34.85,0.6,5833.45,5861.75,5824.75,5825.65,6584.65,5614.0,12.97,2.54,2.45,13,36,1,-3.37,0.3,17-Jul-2026,5838.05,5842.85,6064.95,2026-07-20
STRATEGY INDICES,NIFTY GROWTH SECTORS 15,NIFTY GROWSECT 15,11135.3,-8.95,-0.08,11175.8,11175.8,11115.1,11144.25,12852.45,10329.35,28.01,6.46,1.5,8,7,0,-4.04,4.06,17-Jul-2026,11028.05,10700.6,11604.35,2026-07-20
STRATEGY INDICES,NIFTY100 QUALITY 30,NIFTY100 QUALTY30,5553.7,11.7,0.21,5548.0,5559.65,5534.15,5542.0,0.0,0.0,27.18,6.94,1.78,14,16,0,-0.97,1.11,17-Jul-2026,5512.65,5493.0,5607.85,2026-07-20
STRATEGY INDICES,NIFTY50 VALUE 20,NIFTY50 VALUE 20,12062.4,-78.0,-0.64,12040.05,12098.45,12008.5,12140.4,13684.4,11528.6,15.06,2.15,1.72,6,14,0,-5.41,0.65,17-Jul-2026,12075.85,11984.25,12751.9,2026-07-20
STRATEGY INDICES,NIFTY50 TR 2X LEVERAGE,NIFTY50 TR 2X LEV,18413.15,-137.75,-0.74,18324.1,18433.25,18242.1,18550.9,22435.45,15547.15,0,0,0,,,,-10.07,1.69,17-Jul-2026,18367.15,18107.2,20475.9,2026-07-20
STRATEGY INDICES,NIFTY50 PR 2X LEVERAGE,NIFTY50 PR 2X LEV,12132.4,-90.8,-0.74,12073.75,12145.7,12019.75,12223.2,14993.4,10365.7,0,0,0,,,,-12.04,1.41,17-Jul-2026,12108.55,11964.15,13793.75,2026-07-20
STRATEGY INDICES,NIFTY50 TR 1X INVERSE,NIFTY50 TR 1X INV,177.6,0.7,0.4,178.0,178.4,177.5,176.9,193.35,161.8,0,0,0,,,,5.53,-0.78,17-Jul-2026,177.75,179.0,168.3,2026-07-20
STRATEGY INDICES,NIFTY50 PR 1X INVERSE,NIFTY50 PR 1X INV,218.4,0.85,0.39,218.9,219.4,218.25,217.55,236.5,197.8,0,0,0,,,,6.59,-0.64,17-Jul-2026,218.55,219.8,204.9,2026-07-20
STRATEGY INDICES,NIFTY50 DIVIDEND POINTS,NIFTY50 DIV POINT,141.1,0.0,0.0,141.1,141.1,141.1,141.1,0.0,0.0,0,0,0,,,,-5.3,31.32,17-Jul-2026,134.61,107.45,149.0,2026-07-20
STRATEGY INDICES,NIFTY ALPHA 50,NIFTY ALPHA 50,54064.3,413.0,0.77,53598.85,54065.85,53549.05,53651.3,0.0,0.0,24.6,5.04,0.81,15,35,0,3.2,-0.63,17-Jul-2026,54090.85,54407.4,52389.35,2026-07-20
STRATEGY INDICES,NIFTY50 EQUAL WEIGHT,NIFTY50 EQL WGT,32906.25,61.7,0.19,32823.55,32908.25,32761.1,32844.55,0.0,0.0,24.15,3.52,1.34,15,35,0,4.65,0.68,17-Jul-2026,32825.75,32684.85,31445.1,2026-07-20
STRATEGY INDICES,NIFTY100 EQUAL WEIGHT,NIFTY100 EQL WGT,34651.2,160.05,0.46,34461.9,34653.75,34406.15,34491.15,0.0,0.0,20.86,3.37,1.31,32,68,0,5.54,0.45,17-Jul-2026,34548.55,34496.45,32831.65,2026-07-20
STRATEGY INDICES,NIFTY100 LOW VOLATILITY 30,NIFTY100 LOWVOL30,20182.05,77.2,0.38,20082.2,20182.25,20050.5,20104.85,0.0,0.0,25.23,4.17,1.41,9,21,0,0.31,2.24,17-Jul-2026,20100.75,19739.65,20118.75,2026-07-20
STRATEGY INDICES,NIFTY200 QUALITY 30,NIFTY200 QUALTY30,20214.3,97.25,0.48,20126.35,20240.85,20088.45,20117.05,0.0,0.0,28.18,9.06,1.8,11,19,0,-2.73,0.79,17-Jul-2026,20133.95,20055.9,20782.6,2026-07-20
STRATEGY INDICES,NIFTY ALPHA LOW-VOLATILITY 30,NIFTY ALPHALOWVOL,26973.85,211.2,0.79,26749.3,26973.85,26720.4,26762.65,0.0,0.0,27.09,4.39,1.09,6,24,0,1.38,2.57,17-Jul-2026,26805.75,26298.5,26607.3,2026-07-20
STRATEGY INDICES,NIFTY200 MOMENTUM 30,NIFTY200MOMENTM30,30527.8,326.05,1.08,30204.5,30529.15,30154.4,30201.75,0.0,0.0,26.02,4.81,1.13,8,22,0,-0.53,-2.32,17-Jul-2026,30570.25,31253.85,30690.5,2026-07-20
STRATEGY INDICES,NIFTY MIDCAP150 QUALITY 50,NIFTY M150 QLTY50,24180.7,176.7,0.74,23979.4,24183.4,23950.3,24004.0,0.0,0.0,32.2,7.32,1.06,13,36,1,-3.0,-1.07,17-Jul-2026,24154.15,24442.5,24929.3,2026-07-20
STRATEGY INDICES,NIFTY200 ALPHA 30,NIFTY200 ALPHA 30,26082.15,193.85,0.75,25890.0,26088.25,25857.85,25888.3,0.0,0.0,21.62,5.4,1.05,10,20,0,3.89,-1.51,17-Jul-2026,26308.05,26480.95,25104.95,2026-07-20
STRATEGY INDICES,NIFTY MIDCAP150 MOMENTUM 50,NIFTYM150MOMNTM50,62637.45,496.85,0.8,62056.55,62642.1,62011.25,62140.6,0.0,0.0,28.83,5.67,0.53,12,37,1,1.15,-2.97,17-Jul-2026,62882.5,64557.15,61923.1,2026-07-20
STRATEGY INDICES,NIFTY500 MOMENTUM 50,NIFTY500MOMENTM50,53441.05,510.8,0.97,52865.85,53443.95,52791.9,52930.25,0.0,0.0,33.11,6.54,0.54,16,33,1,0.77,-1.73,17-Jul-2026,53456.8,54381.55,53031.5,2026-07-20
STRATEGY INDICES,NIFTY MIDSMALLCAP400 MOMENTUM QUALITY 100,NIFTYMS400 MQ 100,50714.9,443.55,0.88,50194.95,50727.95,50169.9,50271.35,0.0,0.0,31.39,6.64,0.7,33,66,1,0.97,-1.75,17-Jul-2026,50763.5,51617.8,50227.4,2026-07-20
STRATEGY INDICES,NIFTY SMALLCAP250 MOMENTUM QUALITY 100,NIFTYSML250MQ 100,47501.7,246.0,0.52,47154.95,47649.65,47122.65,47255.7,0.0,0.0,28.99,4.82,0.75,48,52,0,-1.85,2.36,17-Jul-2026,47630.3,46404.85,48398.05,2026-07-20
STRATEGY INDICES,NIFTY TOP 10 EQUAL WEIGHT,NIFTY TOP 10 EW,8621.25,-75.75,-0.87,8613.35,8650.15,8582.9,8697.0,0.0,0.0,18.51,3.18,1.31,5,5,0,-10.27,-0.17,17-Jul-2026,8622.5,8636.15,9608.0,2026-07-20
STRATEGY INDICES,NIFTY ALPHA QUALITY LOW-VOLATILITY 30,NIFTY AQL 30,22971.95,209.45,0.92,22773.95,22981.7,22742.3,22762.5,0.0,0.0,29.36,6.81,1.43,10,20,0,2.42,1.66,17-Jul-2026,22801.7,22596.65,22430.1,2026-07-20
STRATEGY INDICES,NIFTY ALPHA QUALITY VALUE LOW-VOLATILITY 30,NIFTY AQLV 30,20344.8,226.1,1.12,20127.2,20351.7,20105.05,20118.7,0.0,0.0,16.79,3.09,1.67,4,26,0,-1.61,1.76,17-Jul-2026,20122.3,19993.25,20678.55,2026-07-20
STRATEGY INDICES,NIFTY HIGH BETA 50,NIFTY HIGHBETA 50,4445.6,0.9,0.02,4436.9,4447.85,4411.35,4444.7,0.0,0.0,20.92,3.68,0.85,27,23,0,16.33,2.33,17-Jul-2026,4479.9,4344.3,3821.7,2026-07-20
STRATEGY INDICES,NIFTY LOW VOLATILITY 50,NIFTY LOW VOL 50,24686.8,111.7,0.45,24551.2,24690.55,24508.3,24575.1,0.0,0.0,26.68,4.53,1.36,14,36,0,-1.32,1.7,17-Jul-2026,24602.6,24274.3,25016.0,2026-07-20
STRATEGY INDICES,NIFTY QUALITY LOW-VOLATILITY 30,NIFTY QLTY LV 30,16635.5,107.3,0.65,16497.95,16640.25,16481.5,16528.2,0.0,0.0,26.98,5.8,1.63,10,20,0,-2.89,2.45,17-Jul-2026,16476.45,16237.3,17130.7,2026-07-20
STRATEGY INDICES,NIFTY SMALLCAP250 QUALITY 50,NIFTY SML250 Q50,25381.2,16.65,0.07,25317.5,25471.95,25226.6,25364.55,0.0,0.0,25.32,5.02,1.35,23,27,0,-11.04,0.21,17-Jul-2026,25500.3,25328.8,28530.05,2026-07-20
STRATEGY INDICES,NIFTY TOP 15 EQUAL WEIGHT,NIFTY TOP 15 EW,9800.25,-72.35,-0.73,9812.6,9827.15,9752.1,9872.6,0.0,0.0,19.74,3.33,1.28,8,7,0,-4.41,0.72,17-Jul-2026,9776.7,9730.35,10252.75,2026-07-20
STRATEGY INDICES,NIFTY100 ALPHA 30,NIFTY100 ALPHA 30,18067.2,147.95,0.83,17948.7,18068.3,17903.05,17919.25,0.0,0.0,21.3,3.39,1.31,7,23,0,0.18,-1.26,17-Jul-2026,18024.1,18298.4,18035.1,2026-07-20
STRATEGY INDICES,NIFTY200 VALUE 30,NIFTY200 VALUE 30,15182.25,181.15,1.21,14989.55,15187.75,14964.25,15001.1,0.0,0.0,8.63,1.4,2.63,3,27,0,14.85,-1.76,17-Jul-2026,15074.45,15454.75,13219.1,2026-07-20
STRATEGY INDICES,NIFTY500 EQUAL WEIGHT,NIFTY500 EW,14933.35,40.95,0.27,14871.35,14946.1,14843.65,14892.4,0.0,0.0,28.26,3.71,0.83,209,289,2,1.7,1.0,17-Jul-2026,15013.1,14784.8,14683.05,2026-07-20
STRATEGY INDICES,NIFTY500 MULTICAP MOMENTUM QUALITY 50,NIFTY MULTI MQ 50,41037.85,297.65,0.73,40717.5,41088.45,40666.45,40740.2,0.0,0.0,31.68,8.11,1.02,17,32,1,-3.62,-4.25,17-Jul-2026,41088.85,42858.15,42577.05,2026-07-20
STRATEGY INDICES,NIFTY500 VALUE 50,NIFTY500 VALUE 50,16125.25,148.2,0.93,15965.5,16131.6,15940.85,15977.05,0.0,0.0,9.73,1.43,2.61,14,35,1,12.69,-2.47,17-Jul-2026,16107.0,16533.15,14309.55,2026-07-20
STRATEGY INDICES,NIFTY TOP 20 EQUAL WEIGHT,NIFTY TOP 20 EW,8770.45,-29.95,-0.34,8761.4,8776.85,8732.9,8800.4,0.0,0.0,21.6,3.6,1.45,8,12,0,-3.59,1.69,17-Jul-2026,8747.0,8624.4,9096.75,2026-07-20
STRATEGY INDICES,NIFTY500 QUALITY 50,NIFTY500 QLTY50,19814.35,95.85,0.49,19718.0,19826.75,19660.05,19718.5,0.0,0.0,27.31,9.27,1.51,21,29,0,-0.56,-0.71,17-Jul-2026,19793.8,19955.7,19926.5,2026-07-20
STRATEGY INDICES,NIFTY500 LOW VOLATILITY 50,NIFTY500 LOWVOL50,22380.6,164.5,0.74,22220.8,22380.95,22189.95,22216.1,0.0,0.0,21.92,3.91,1.67,15,35,0,3.02,1.93,17-Jul-2026,22153.9,21956.25,21725.3,2026-07-20
STRATEGY INDICES,NIFTY500 MULTIFACTOR MQVLV 50,NIFTY500 MQVLV50,31194.35,285.05,0.92,30874.15,31208.65,30840.7,30909.3,0.0,0.0,13.25,2.52,1.99,14,36,0,-1.4,0.19,17-Jul-2026,31121.15,31135.35,31637.1,2026-07-20
STRATEGY INDICES,NIFTY50 USD,NIFTY50 USD,8719.1,-38.18,-0.43,8757.3,8757.3,8645.45,8757.28,0.0,0.0,0,0,0,,,,-13.17,-1.14,17-Jul-2026,8773.33,8819.97,0.0,2026-07-20
STRATEGY INDICES,NIFTY500 FLEXICAP QUALITY 30,NIFTY500 FLEXICAP,9927.2,50.75,0.51,9877.7,9948.15,9853.2,9876.45,0.0,0.0,33.38,7.02,1.25,12,18,0,0.0,1.69,17-Jul-2026,9902.3,9762.2,0.0,2026-07-20
STRATEGY INDICES,NIFTY TOTAL MARKET MOMENTUM QUALITY 50,NIFTY TMMQ 50,43468.65,367.7,0.85,43073.15,43473.0,43015.45,43100.95,0.0,0.0,36.53,9.95,0.97,14,35,1,0.0,-3.51,17-Jul-2026,43487.25,45051.35,0.0,2026-07-20
THEMATIC INDICES,NIFTY COMMODITIES,NIFTY COMMODITIES,9931.4,99.3,1.01,9840.7,9934.2,9824.65,9832.1,10569.65,8560.6,14.22,2.13,1.82,3,27,0,11.0,-1.24,17-Jul-2026,9842.1,10055.8,8947.25,2026-07-20
THEMATIC INDICES,NIFTY INDIA CONSUMPTION,NIFTY CONSUMPTION,11743.15,38.15,0.33,11693.5,11756.8,11671.35,11705.0,12716.2,10298.5,39.02,7.29,0.76,9,21,0,0.38,1.05,17-Jul-2026,11667.2,11621.6,11699.15,2026-07-20
THEMATIC INDICES,NIFTY CPSE,NIFTY CPSE,6674.45,59.0,0.89,6628.4,6695.8,6610.8,6615.45,7593.35,6101.9,12.6,2.13,2.81,1,10,0,2.06,-2.78,17-Jul-2026,6685.75,6865.05,6540.0,2026-07-20
THEMATIC INDICES,NIFTY ENERGY,NIFTY ENERGY,39683.85,406.85,1.04,39273.1,39708.8,39236.35,39277.0,41828.55,32890.3,14.32,2.31,1.93,6,34,0,9.53,-2.13,17-Jul-2026,39220.35,40548.1,36231.65,2026-07-20
THEMATIC INDICES,NIFTY INFRASTRUCTURE,NIFTY INFRA,9450.7,73.35,0.78,9354.65,9451.05,9347.8,9377.35,9792.6,8426.65,21.17,2.9,1.09,5,25,0,2.54,-0.64,17-Jul-2026,9381.15,9511.85,9216.9,2026-07-20
THEMATIC INDICES,NIFTY100 LIQUID 15,NIFTY100 LIQ 15,7511.95,10.9,0.15,7466.7,7512.85,7458.0,7501.05,7774.6,6565.7,24.64,3.12,0.96,6,9,0,6.97,1.34,17-Jul-2026,7448.05,7412.75,7022.25,2026-07-20
THEMATIC INDICES,NIFTY MIDCAP LIQUID 15,NIFTY MID LIQ 15,16735.35,54.55,0.33,16672.3,16762.7,16577.05,16680.8,17142.65,13702.75,39.8,5.29,0.51,7,8,0,8.56,0.43,17-Jul-2026,16900.1,16664.25,15416.2,2026-07-20
THEMATIC INDICES,NIFTY MNC,NIFTY MNC,32577.9,79.5,0.24,32510.4,32618.05,32383.05,32498.4,33825.6,27597.2,35.93,7.42,1.61,13,17,0,11.81,-0.33,17-Jul-2026,32448.3,32685.15,29137.65,2026-07-20
THEMATIC INDICES,NIFTY PSE,NIFTY PSE,10014.4,75.85,0.76,9933.3,10020.45,9915.45,9938.55,10839.05,9168.35,10.12,1.99,2.85,4,16,0,0.52,-1.61,17-Jul-2026,9958.35,10178.5,9962.25,2026-07-20
THEMATIC INDICES,NIFTY SERVICES SECTOR,NIFTY SERV SECTOR,31204.0,-235.45,-0.75,31138.25,31235.0,31022.1,31439.45,34549.75,28232.65,20.17,3.18,1.29,8,22,0,-4.75,2.1,17-Jul-2026,31271.2,30562.7,32761.35,2026-07-20
THEMATIC INDICES,NIFTY100 ESG SECTOR LEADERS,NIFTY100ESGSECLDR,4084.9,-11.05,-0.27,4072.1,4084.9,4064.65,4095.95,0.0,0.0,21.79,3.31,1.2,20,40,0,-2.41,1.69,17-Jul-2026,4072.8,4017.0,4185.75,2026-07-20
THEMATIC INDICES,NIFTY INDIA DIGITAL,NIFTY IND DIGITAL,8256.4,14.0,0.17,8243.55,8284.65,8236.9,8242.4,9723.25,7233.65,28.85,7.02,1.56,27,24,0,-7.64,5.24,17-Jul-2026,8256.15,7845.65,8939.35,2026-07-20
THEMATIC INDICES,NIFTY100 ESG,NIFTY100 ESG,4989.55,-1.7,-0.03,4976.75,4989.55,4966.45,4991.25,0.0,0.0,21.62,3.72,1.36,25,55,0,1.54,1.94,17-Jul-2026,4971.15,4894.5,4913.9,2026-07-20
THEMATIC INDICES,NIFTY INDIA MANUFACTURING,NIFTY INDIA MFG,16002.7,77.05,0.48,15916.35,16005.2,15896.95,15925.65,0.0,0.0,27.14,4.21,1.05,26,50,0,11.03,-0.11,17-Jul-2026,15900.15,16020.9,14412.75,2026-07-20
THEMATIC INDICES,NIFTY INDIA CORPORATE GROUP INDEX - TATA GROUP 25% CAP,NIFTY TATA 25 CAP,14192.6,24.9,0.18,14178.95,14227.7,14126.65,14167.7,15588.85,13218.65,33.19,4.5,1.73,4,6,0,-5.58,-0.48,17-Jul-2026,14127.4,14261.35,15030.7,2026-07-20
THEMATIC INDICES,NIFTY500 MULTICAP INDIA MANUFACTURING 50:30:20,NIFTY MULTI MFG,16523.1,94.6,0.58,16419.05,16524.4,16406.15,16428.5,16649.05,14148.2,29.09,3.86,0.85,24,51,0,7.99,1.5,17-Jul-2026,16344.55,16278.45,15300.3,2026-07-20
THEMATIC INDICES,NIFTY500 MULTICAP INFRASTRUCTURE 50:30:20,NIFTY MULTI INFRA,14739.7,95.7,0.65,14612.15,14739.95,14604.05,14644.0,14885.8,12542.85,23.3,3.46,0.9,26,49,0,2.83,0.1,17-Jul-2026,14698.8,14724.65,14333.95,2026-07-20
THEMATIC INDICES,NIFTY INDIA DEFENCE,NIFTY IND DEFENCE,9347.25,1.9,0.02,9321.7,9360.55,9294.5,9345.35,9784.6,7184.9,56.61,12.43,0.53,10,8,1,14.5,-2.51,17-Jul-2026,9414.1,9587.5,8163.4,2026-07-20
THEMATIC INDICES,NIFTY INDIA TOURISM,NIFTY IND TOURISM,7960.05,-17.2,-0.22,7947.85,7962.8,7877.75,7977.25,9452.55,6502.65,77.57,9.61,0.38,8,7,0,-15.57,0.85,17-Jul-2026,8147.0,7893.15,9428.35,2026-07-20
THEMATIC INDICES,NIFTY CAPITAL MARKETS,NIFTY CAPITAL MKT,5409.1,24.55,0.46,5378.1,5414.95,5335.75,5384.55,5697.1,4086.85,46.85,12.97,0.81,10,7,0,16.94,-2.76,17-Jul-2026,5537.5,5562.7,4625.55,2026-07-20
THEMATIC INDICES,NIFTY EV & NEW AGE AUTOMOTIVE,NIFTY EV,3147.35,-1.95,-0.06,3146.7,3155.9,3134.05,3149.3,0.0,0.0,41.29,4.71,0.91,22,16,0,6.67,0.73,17-Jul-2026,3128.7,3124.65,2950.5,2026-07-20
THEMATIC INDICES,NIFTY INDIA NEW AGE CONSUMPTION,NIFTY NEW CONSUMP,11758.45,3.2,0.03,11730.9,11775.9,11694.25,11755.25,0.0,0.0,46.83,6.87,0.58,39,36,0,0.44,3.05,17-Jul-2026,11784.8,11410.65,11706.6,2026-07-20
THEMATIC INDICES,NIFTY INDIA SELECT 5 CORPORATE GROUPS (MAATR),NIFTY CORP MAATR,39097.55,111.2,0.29,38990.1,39117.7,38916.25,38986.35,0.0,0.0,25.21,3.21,0.93,17,25,0,6.36,1.26,17-Jul-2026,38775.3,38612.3,36760.5,2026-07-20
THEMATIC INDICES,NIFTY MOBILITY,NIFTY MOBILITY,22509.05,-56.55,-0.25,22513.35,22521.0,22393.45,22565.6,0.0,0.0,32.89,4.35,1.01,13,17,0,7.45,1.89,17-Jul-2026,22466.75,22091.2,20948.25,2026-07-20
THEMATIC INDICES,NIFTY100 ENHANCED ESG,NIFTY100 ENH ESG,5023.6,-1.7,-0.03,5010.7,5023.6,5000.3,5025.3,0.0,0.0,21.61,3.73,1.36,25,53,0,1.49,1.97,17-Jul-2026,5004.95,4926.75,4949.8,2026-07-20
THEMATIC INDICES,NIFTY CORE HOUSING,NIFTY COREHOUSING,15890.35,63.6,0.4,15804.35,15909.1,15722.85,15826.75,16610.25,12788.2,34.31,3.63,0.54,12,18,0,-3.86,2.99,17-Jul-2026,15863.05,15428.65,16527.65,2026-07-20
THEMATIC INDICES,NIFTY HOUSING,NIFTY HOUSING,12063.0,29.4,0.24,11987.65,12066.5,11960.4,12033.6,12244.25,10358.7,22.15,2.87,0.95,13,37,0,4.66,-0.59,17-Jul-2026,12076.75,12134.5,11525.5,2026-07-20
THEMATIC INDICES,NIFTY IPO,NIFTY IPO,2290.7,-4.35,-0.19,2292.65,2298.5,2286.8,2295.05,2336.35,1774.6,54.44,9.89,0.12,52,52,0,8.47,0.99,17-Jul-2026,2323.4,2268.2,2111.85,2026-07-20
THEMATIC INDICES,NIFTY MIDSMALL INDIA CONSUMPTION,NIFTY MS IND CONS,18964.15,131.35,0.7,18794.0,18969.0,18752.25,18832.8,20135.15,15614.35,35.72,8.51,0.8,10,20,0,-5.28,5.04,17-Jul-2026,18961.0,18053.85,20021.7,2026-07-20
THEMATIC INDICES,NIFTY NON-CYCLICAL CONSUMER,NIFTY NONCYC CONS,15325.85,85.1,0.56,15212.75,15343.4,15194.65,15240.75,16983.45,13311.1,55.6,9.87,0.67,7,23,0,-4.54,1.14,17-Jul-2026,15210.45,15152.65,16054.15,2026-07-20
THEMATIC INDICES,NIFTY RURAL,NIFTY RURAL,15444.3,68.7,0.45,15375.3,15444.65,15342.15,15375.6,16396.4,13751.35,24.09,3.81,0.98,27,48,0,2.52,0.54,17-Jul-2026,15373.2,15361.45,15065.2,2026-07-20
THEMATIC INDICES,NIFTY SHARIAH 25,NIFTY SHARIAH 25,7951.5,40.9,0.52,7921.0,7958.1,7908.9,7910.6,8562.1,7196.6,26.44,4.78,1.88,8,17,0,-3.34,2.64,17-Jul-2026,7861.4,7746.65,8225.95,2026-07-20
THEMATIC INDICES,NIFTY TRANSPORTATION & LOGISTICS,NIFTY TRANS LOGIS,25023.7,-90.6,-0.36,25070.4,25076.65,24903.0,25114.3,26459.7,21355.4,43.13,5.12,0.84,17,13,0,7.66,2.19,17-Jul-2026,25050.25,24488.2,23243.65,2026-07-20
THEMATIC INDICES,NIFTY50 SHARIAH,NIFTY50 SHARIAH,4272.3,22.0,0.52,4264.05,4275.7,4253.35,4250.3,4982.45,4082.25,23.47,3.96,1.9,5,12,0,-9.41,1.91,17-Jul-2026,4242.15,4192.35,4716.05,2026-07-20
THEMATIC INDICES,NIFTY500 SHARIAH,NIFTY500 SHARIAH,6953.3,40.55,0.59,6914.7,6954.3,6907.55,6912.75,7291.95,6162.95,28.54,4.59,1.25,80,115,1,-3.19,0.52,17-Jul-2026,6933.3,6917.4,7182.5,2026-07-20
THEMATIC INDICES,NIFTY SME EMERGE,NIFTY SME EMERGE,14100.7,-41.35,-0.29,14124.9,14155.05,14087.6,14142.05,17223.65,11015.55,23.03,3.56,0.21,,,,-7.44,0.43,17-Jul-2026,14102.35,14040.8,15233.69,2026-07-20
THEMATIC INDICES,NIFTY INDIA INTERNET,NIFTY INTERNET,1345.1,0.4,0.03,1342.15,1349.35,1338.7,1344.7,1501.9,1056.45,171.69,7.06,0.21,14,13,0,0.0,6.88,17-Jul-2026,1355.4,1258.5,0.0,2026-07-20
THEMATIC INDICES,NIFTY WAVES,NIFTY WAVES,1957.2,0.75,0.04,1962.25,1970.65,1952.35,1956.45,2789.8,1581.05,0,2.57,0.6,19,20,2,-14.68,-0.35,17-Jul-2026,2001.35,1964.05,2293.85,2026-07-20
THEMATIC INDICES,NIFTY INDIA INFRASTRUCTURE & LOGISTICS,NIFTY INFRALOG,12271.95,75.45,0.62,12185.5,12276.65,12144.85,12196.5,12549.95,9210.4,29.96,4.3,0.81,39,61,0,0.0,-1.26,17-Jul-2026,12287.8,12429.0,0.0,2026-07-20
THEMATIC INDICES,NIFTY INDIA RAILWAYS PSU,NIFTY RAILWAYSPSU,2873.9,18.45,0.65,2856.8,2875.2,2838.9,2855.45,4005.5,2744.6,20.47,2.99,1.88,8,9,0,-23.45,-3.55,17-Jul-2026,2856.3,2979.75,3754.35,2026-07-20
THEMATIC INDICES,NIFTY CONGLOMERATE 50,NIFTYCONGLOMERATE,14921.2,58.35,0.39,14877.55,14926.85,14819.6,14862.85,15284.3,12226.8,24.28,3.98,1.04,21,29,0,4.89,0.98,17-Jul-2026,14868.65,14776.45,14225.3,2026-07-20
FIXED INCOME INDICES,NIFTY 8-13 YR G-SEC,NIFTY GS 8 13YR,3045.49,-4.22,-0.13,3050.25,3050.27,3039.52,3049.71,0.0,0.0,0,0,0,,,,3.43,1.1,17-Jul-2026,3053.62,3012.39,2944.52,2026-07-20
FIXED INCOME INDICES,NIFTY 10 YR BENCHMARK G-SEC,NIFTY GS 10YR,2670.08,-3.18,-0.11,2673.76,2673.76,2663.23,2673.26,0.0,0.0,0,0,0,,,,2.45,1.01,17-Jul-2026,2677.66,2643.5,2606.27,2026-07-20
FIXED INCOME INDICES,NIFTY 10 YR BENCHMARK G-SEC (CLEAN PRICE),NIFTY GS 10YR CLN,877.54,-1.23,-0.13,878.77,878.77,875.26,878.77,0.0,0.0,0,0,0,,,,-4.16,0.42,17-Jul-2026,881.24,873.88,915.67,2026-07-20
FIXED INCOME INDICES,NIFTY 4-8 YR G-SEC INDEX,NIFTY GS 4 8YR,3325.34,-3.51,-0.1,3329.44,3329.44,3320.69,3328.85,0.0,0.0,0,0,0,,,,4.58,0.64,17-Jul-2026,3331.25,3304.18,3179.64,2026-07-20
FIXED INCOME INDICES,NIFTY 11-15 YR G-SEC INDEX,NIFTY GS 11 15YR,3369.6,-3.91,-0.11,3374.15,3374.15,3362.51,3373.51,0.0,0.0,0,0,0,,,,3.97,1.71,17-Jul-2026,3378.2,3312.98,3240.86,2026-07-20
FIXED INCOME INDICES,NIFTY 15 YR AND ABOVE G-SEC INDEX,NIFTY GS 15YRPLUS,3555.15,-14.06,-0.39,3569.93,3569.93,3548.81,3569.21,0.0,0.0,0,0,0,,,,0.9,1.16,17-Jul-2026,3587.6,3514.28,3523.33,2026-07-20
FIXED INCOME INDICES,NIFTY COMPOSITE G-SEC INDEX,NIFTY GS COMPSITE,3135.09,-5.27,-0.16,3140.94,3140.95,3130.08,3140.36,0.0,0.0,0,0,0,,,,3.25,1.12,17-Jul-2026,3146.45,3100.45,3036.45,2026-07-20
FIXED INCOME INDICES,NIFTY BHARAT BOND INDEX - APRIL 2030,BHARATBOND-APR30,1604.59,0.62,0.0,1604.91,1604.91,1604.59,1603.97,0.0,0.0,0,0,0,,,,4.44,0.34,17-Jul-2026,1605.63,1599.21,1536.42,2026-07-20
FIXED INCOME INDICES,NIFTY BHARAT BOND INDEX - APRIL 2031,BHARATBOND-APR31,1458.89,0.64,0.0,1459.09,1459.09,1458.89,1458.25,0.0,0.0,0,0,0,,,,4.06,0.33,17-Jul-2026,1461.4,1454.14,1401.97,2026-07-20
FIXED INCOME INDICES,NIFTY BHARAT BOND INDEX - APRIL 2032,BHARATBOND-APR32,1325.85,0.77,0.01,1325.85,1325.85,1325.84,1325.08,0.0,0.0,0,0,0,,,,3.75,0.46,17-Jul-2026,1329.35,1319.79,1277.88,2026-07-20
FIXED INCOME INDICES,NIFTY BHARAT BOND INDEX - APRIL 2033,BHARATBOND-APR33,1286.12,0.75,0.01,1286.12,1286.12,1286.12,1285.37,0.0,0.0,0,0,0,,,,3.66,0.65,17-Jul-2026,1288.45,1277.85,1240.67,2026-07-20
