symbol,futVolume,optVolume,totVolume,futTurnover,optTurnover,totTurnover,preTurnover,latestOI,underlying,_collected_on
NIFTY,40896,99155335,99196231,643676.2476819999,156238432317986.2,4340297.622544,3696621.374862,10375395,24233.45,2026-07-20
BANKNIFTY,33522,2739806,2773328,582148.82082,4789872899601.6,873767.626836,291618.806016,1343029,57855.35,2026-07-20
HDFCBANK,96085,595948,692033,488877.809875,312939500542.5,520388.0253,31510.215425,852992,780.0,2026-07-20
ICICIBANK,36413,265589,302002,371230.79777,273215345676.0,399833.82453,28603.02676,288833,1460.6,2026-07-20
AXISBANK,35996,281913,317909,285134.086,228497237393.75,309699.7724375,24565.6864375,225817,1257.3,2026-07-20
RELIANCE,41035,452310,493345,273826.54275,306408805300.0,305021.24575,31194.703,521627,1330.5,2026-07-20
PNB,17640,117737,135377,156013.3344,106041198400.0,173930.9184,17917.584,76900,111.1,2026-07-20
SBIN,18807,194800,213607,148249.4103,155254174230.0,164437.6776,16188.2673,230530,1050.4,2026-07-20
KOTAKBANK,17314,70725,88039,131745.6248,55137984740.0,137173.1222,5427.4974,172399,381.2,2026-07-20
INFY,24799,91077,115876,108199.17388,40702474128.0,115318.53516,7119.36128,580330,1090.3,2026-07-20
BAJFINANCE,12145,68112,80257,95716.85925,54260487172.5,103128.630975,7411.771725,154936,1062.0,2026-07-20
AUBANK,9036,25206,34242,90985.967,26214401590.0,94989.7829,4003.8159,43036,991.7,2026-07-20
MARUTI,12588,158318,170906,85127.25147,110106115160.5,94733.653075,9606.401605,163037,13462.0,2026-07-20
TCS,15814,117965,133779,80234.0181225,60491043848.25,88519.606605,8285.5884825,421202,2256.0,2026-07-20
UNIONBANK,10700,35402,46102,81859.0409775,27707427780.0,86397.0156525,4537.974675,57749,175.21,2026-07-20
BHEL,6310,47354,53664,69611.4706875,54035456632.5,78373.8088875,8762.3382,79433,417.75,2026-07-20
JIOFIN,12017,81291,93308,67777.967975,47306506387.5,73932.5181,6154.550125,159971,238.89,2026-07-20
MIDCPNIFTY,2655,204143,206798,47036.037612,362424878995.2,70294.317564,23258.279952,140895,14773.9,2026-07-20
TRENT,8576,103701,112277,56281.9464,69847622100.0,66059.2974375,9777.3510375,138869,2923.1,2026-07-20
FEDERALBNK,6744,55295,62039,58796.1065,48751803900.0,64045.2705,5249.164,71619,349.5,2026-07-20
RBLBANK,5126,21604,26730,59762.82815,25966537062.25,63332.8575225,3570.0293725,29327,369.0,2026-07-20
JSWSTEEL,6706,53409,60115,57047.7645225,45999359574.75,63089.75277,6041.9882475,84390,1258.7,2026-07-20
DELHIVERY,5951,18058,24009,60125.9297775,19010135345.75,63087.390735,2961.4609575,35886,486.6,2026-07-20
BANDHANBNK,7924,13039,20963,60407.60832,10270196748.0,62515.8558,2108.24748,51169,211.9,2026-07-20
HCLTECH,12141,45250,57391,58727.15216,22246931004.0,61513.1022,2785.95004,179225,1218.7,2026-07-20
DIXON,6669,83585,90254,47939.115935,61081560437.5,57416.27031,9477.154375,137689,14504.0,2026-07-20
BSE,6368,79775,86143,46188.06892,59992387178.0,55375.2407,9187.17178,116036,3646.6,2026-07-20
KALYANKJIL,5385,64491,69876,41439.943035,49678726896.0,54694.134495,13254.19146,108936,570.0,2026-07-20
BANKBARODA,6589,20456,27045,48641.3708625,15571545765.75,51396.61527,2755.2444075,90722,254.1,2026-07-20
INDUSINDBK,6547,15436,21983,47133.06829,11228215061.0,49387.0489,2253.98061,86256,1028.1,2026-07-20
MCX,6637,52948,59585,41993.11476,34342804692.0,47757.92418,5764.80942,92334,2824.8,2026-07-20
LT,6395,57992,64387,42941.6162,39794307278.25,46877.2114825,3935.5952825,216919,3843.7,2026-07-20
TECHM,4311,35920,40231,40993.99512,34587800376.0,46232.58288,5238.58776,76676,1581.1,2026-07-20
COLPAL,7071,64454,71525,40999.43793,38031545714.25,45974.1050725,4974.6671425,33285,2111.4,2026-07-20
SOLARINDS,4059,49518,53577,38332.45485,48203538571.5,45815.840565,7483.385715,34503,18863.0,2026-07-20
BHARTIARTL,4461,61467,65928,40583.1941625,56813141317.5,44644.7923375,4061.598175,204646,1931.7,2026-07-20
BAJAJ-AUTO,5148,36689,41837,40553.872455,29236386211.5,44303.10957,3749.237115,73131,10454.0,2026-07-20
JSWENERGY,6523,33698,40221,39288.4589775,20987955236.75,43354.155095,4065.6961175,40826,566.4,2026-07-20
ADANIPOWER,4807,25985,30792,37226.378845,21053407805.5,42421.3569,5194.978055,81011,218.74,2026-07-20
IDFCFIRSTB,5201,14478,19679,39119.544065,11094766964.75,40916.9732125,1797.4291475,67663,81.59,2026-07-20
LAURUSLABS,2766,12463,15229,36674.63992,16791100957.0,39651.81949,2977.17957,36422,1563.6,2026-07-20
TVSMOTOR,5866,17540,23406,36861.53912,11315463290.25,38772.7320225,1911.1929025,103674,3577.3,2026-07-20
NTPC,6870,36998,43868,35795.83605,19857040695.0,38598.3555,2802.51945,144618,345.9,2026-07-20
WAAREEENER,7343,29733,37076,35802.6900875,14950563267.5,38244.1852625,2441.495175,82283,2833.2,2026-07-20
INDIANB,4033,19222,23255,34156.2373,16652391750.0,36655.0023,2498.765,38486,854.5,2026-07-20
HAVELLS,5519,42935,48454,33062.9888,26123185305.0,36381.04185,3318.05305,45859,1202.4,2026-07-20
M&M,5167,36258,41425,32720.25124,23319402002.0,35773.53126,3053.28002,156402,3162.0,2026-07-20
DIVISLAB,4270,57789,62059,31359.56063,42952725961.0,35704.47024,4344.90961,83236,7394.0,2026-07-20
PAYTM,2951,27338,30289,28873.3150225,27835478682.5,35079.3418475,6206.026825,74890,1345.0,2026-07-20
HINDALCO,4920,23398,28318,32894.75315,15988148722.0,35030.96037,2136.20722,123955,953.1,2026-07-20
ADANIGREEN,3367,14545,17912,30681.27714,13851574896.0,34048.3461,3367.06896,65049,1531.0,2026-07-20
DRREDDY,4072,26873,30945,31123.6295,21301743400.0,33826.626,2702.9965,79144,1230.0,2026-07-20
COALINDIA,5432,23827,29259,31462.72416,14280752385.0,32801.99301,1339.26885,109721,429.35,2026-07-20
HINDPETRO,3769,12515,16284,30402.422955,10379851677.0,32345.059725,1942.63677,41757,403.1,2026-07-20
SONACOMS,3427,13470,16897,29710.6936875,11934559560.0,31913.8880375,2203.19435,27189,708.0,2026-07-20
ITC,5864,43436,49300,28656.0324075,21664559487.0,30894.2271525,2238.194745,195375,282.45,2026-07-20
OFSS,2258,14185,16443,26497.68078,16546415274.0,29818.92352,3321.24274,35125,11582.0,2026-07-20
ULTRACEMCO,4047,62436,66483,23862.620415,37613691673.0,28508.087145,4645.46673,81399,11815.0,2026-07-20
BANKINDIA,3601,9309,12910,27213.74448,7257638232.0,28384.4288,1170.68432,33142,146.18,2026-07-20
ADANIENT,2519,20137,22656,24702.3065982,20138925620.13,28027.7230995,3325.4165013,102653,3171.4,2026-07-20
BPCL,4074,24090,28164,25288.2466125,15315971167.25,27892.523285,2604.2766725,42788,317.75,2026-07-20
SHRIRAMFIN,2987,13557,16544,25294.252665,11872408622.25,27591.6988875,2297.4462225,63226,1029.3,2026-07-20
PATANJALI,6886,23517,30403,25163.047235,9005452740.5,26790.33214,1627.284905,69061,337.8,2026-07-20
BIOCON,2257,14465,16722,24835.43175,16210278400.0,26479.46575,1644.034,47580,438.55,2026-07-20
SUZLON,3652,16420,20072,24546.4203,11748899667.0,26402.42497,1856.00467,68459,52.72,2026-07-20
LTF,3561,17179,20740,24396.344775,12454888117.5,25806.66345,1410.318675,49802,305.05,2026-07-20
BHARATFORG,2052,14367,16419,22483.05335,16004002260.0,24975.07595,2492.0226,26969,2202.6,2026-07-20
MANAPPURAM,2398,6418,8816,23879.241,6511512000.0,24959.211,1079.97,24970,333.55,2026-07-20
PREMIERENE,3112,35262,38374,21325.543135,24711398452.0,24543.212655,3217.66952,22636,1086.5,2026-07-20
CDSL,3367,19643,23010,22370.8729825,13398803344.0,24329.9964225,1959.12344,54347,1397.2,2026-07-20
SWIGGY,4602,11118,15720,22946.11409,5722514584.75,24064.2811875,1118.1670975,48312,272.36,2026-07-20
ABB,2083,33175,35258,19525.9403125,31751759368.75,23203.2215,3677.2811875,55013,7467.0,2026-07-20
PERSISTENT,3157,25951,29108,20440.5288,16780570638.75,23079.5476875,2639.0188875,80660,5175.2,2026-07-20
ONGC,3570,44677,48247,20158.922925,25612327575.0,22761.367425,2602.4445,86172,250.33,2026-07-20
TATAPOWER,3837,18743,22580,21330.13916,10657018223.0,22726.23889,1396.09973,83762,383.8,2026-07-20
SBICARD,4014,18215,22229,20864.75144,9765040552.0,22593.39696,1728.64552,64488,651.4,2026-07-20
CHOLAFIN,1919,7973,9892,21273.096375,9100855231.25,22526.5236875,1253.4273125,35717,1784.7,2026-07-20
COFORGE,2811,13982,16793,20065.5131125,10322332549.5,22043.3486075,1977.835495,73609,1504.0,2026-07-20
EXIDEIND,2326,24615,26941,18413.96508,19827952920.0,21801.19428,3387.2292,32051,437.2,2026-07-20
INDUSTOWER,2986,4416,7402,20640.88813,3082111543.0,21154.82856,513.94043,86441,404.5,2026-07-20
GLENMARK,2395,8196,10591,20223.589875,7053226061.25,21132.0004875,908.4106125,42320,2246.2,2026-07-20
INDHOTEL,2690,5469,8159,19506.7519,4073100170.0,20088.9036,582.1517,40661,721.75,2026-07-20
OIL,2644,40321,42965,16503.26496,25991124992.0,19934.09488,3430.82992,26004,453.6,2026-07-20
DLF,2930,12820,15750,18190.528845,8189168729.5,19348.69864,1158.169795,86073,662.3,2026-07-20
TATASTEEL,3480,23291,26771,17917.76965,12320173085.0,19347.91925,1430.1496,135696,186.67,2026-07-20
TMPV,3254,29301,32555,17501.52112,16729862224.0,19214.86336,1713.34224,136426,334.45,2026-07-20
CIPLA,2716,27070,29786,16769.0056575,17084690149.5,19197.8421525,2428.836495,62080,1458.2,2026-07-20
ASHOKLEY,2259,13549,15808,17470.716,11014962950.0,19040.4705,1569.7545,65297,155.17,2026-07-20
RECLTD,3156,15556,18712,17789.826915,8958227433.75,18921.6762525,1131.8493375,53823,361.3,2026-07-20
POWERINDIA,2033,23865,25898,16520.41973,20084680372.75,18789.0984575,2268.6787275,57477,32470.0,2026-07-20
HEROMOTOCO,2279,26279,28558,16642.862415,19639653867.0,18715.226085,2072.36367,76163,4942.8,2026-07-20
EICHERMOT,2247,16488,18735,16881.79708,12492159951.0,18600.39659,1718.59951,84708,7538.0,2026-07-20
HDFCAMC,2195,14207,16402,17302.76067,11596049535.0,18585.95802,1283.19735,48105,2633.8,2026-07-20
MARICO,1738,6180,7918,17777.96616,6397653384.0,18352.38,574.41384,21889,854.7,2026-07-20
NAUKRI,2612,8960,11572,17197.08419,5945097757.5,17922.636765,725.552575,47365,1194.8,2026-07-20
POWERGRID,2935,21299,24234,16033.31283,11835032740.0,17469.37273,1436.0599,58377,286.9,2026-07-20
VEDL,4890,49864,54754,14612.941555,15820181735.5,17165.65141,2552.709855,132906,260.6,2026-07-20
ADANIPORTS,1722,15256,16978,15114.13596,13489274086.0,16906.65182,1792.51586,69567,1850.1,2026-07-20
ASIANPAINT,2268,23884,26152,15293.1612,16095125950.0,16853.0707,1559.9095,68142,2678.5,2026-07-20
ADANIENSOL,1200,11025,12225,14001.233265,13118294540.25,16852.2336675,2851.0004025,45823,1733.0,2026-07-20
CGPOWER,2044,6569,8613,15828.41967,5275848408.0,16828.10875,999.68908,48344,912.8,2026-07-20
KPITTECH,3704,16684,20388,15874.93787,7736321575.5,16770.531125,895.593255,64479,558.8,2026-07-20
AUROPHARMA,1843,8528,10371,15814.7737,7449783297.0,16719.96667,905.19297,34963,1569.2,2026-07-20
MUTHOOTFIN,1870,10469,12339,15417.5454125,8844732976.75,16610.95018,1193.4047675,43159,2990.2,2026-07-20
NMDC,2801,8114,10915,15968.428425,4757023485.0,16496.900775,528.47235,76192,84.01,2026-07-20
HINDUNILVR,2319,22914,25233,14923.55016,15036015093.0,16342.28109,1418.73093,123698,2135.6,2026-07-20
BAJAJFINSV,2623,18160,20783,14622.19551,10282455516.0,15705.41067,1083.21516,81806,1866.3,2026-07-20
OBEROIRLTY,2118,26221,28339,13700.136555,17473651765.5,15685.40421,1985.267655,38460,1878.9,2026-07-20
TITAN,1641,22763,24404,13373.124625,18452953799.0,15355.087615,1981.96299,83297,4643.6,2026-07-20
NATIONALUM,2144,10798,12942,13961.7825,7280172843.75,15334.2609375,1372.4784375,53318,344.3,2026-07-20
SUNPHARMA,1998,27480,29478,13632.576685,18956583506.0,15299.581745,1667.00506,100941,1954.3,2026-07-20
HDFCLIFE,2263,15059,17322,14042.59516,9605199967.0,15006.35983,963.76467,80431,564.0,2026-07-20
CROMPTON,2414,17785,20199,13512.17337,10369356432.0,14918.89644,1406.72307,35918,261.5,2026-07-20
MPHASIS,1957,11399,13356,13091.41339,7807425183.25,14905.2887225,1813.8753325,28336,2425.5,2026-07-20
ASTRAL,2380,11033,13413,13934.27202,6510938591.75,14701.5479375,767.2759175,34101,1398.9,2026-07-20
HINDZINC,2050,12755,14805,13242.925465,8629638442.25,14483.0273875,1240.1019225,55028,526.95,2026-07-20
ANGELONE,1598,15233,16831,13016.80025,13328923900.0,14405.41425,1388.614,32714,325.15,2026-07-20
LUPIN,1259,9441,10700,13267.44328,9860210727.75,14263.2855575,995.8422775,22984,2489.5,2026-07-20
SRF,2234,8517,10751,12892.1688,4997379974.0,13782.80854,890.63974,34798,2878.5,2026-07-20
LODHA,1804,6503,8307,13114.5254375,4702678550.0,13685.1234375,570.598,49903,1192.25,2026-07-20
IOC,1819,8391,10210,12528.07725,5977801342.5,13364.513175,836.435925,58379,141.82,2026-07-20
NESTLEIND,1674,11175,12849,12091.4578,8238055425.0,13266.56205,1175.10425,43255,1443.3,2026-07-20
VBL,2123,9634,11757,12594.954135,5987184537.75,13215.5732625,620.6191275,72761,465.55,2026-07-20
GRASIM,1572,8679,10251,12300.066475,6940166595.0,12990.382425,690.31595,69540,3128.3,2026-07-20
DALBHARAT,1943,9072,11015,11698.6250225,5536471950.75,12812.06953,1113.4445075,23307,1842.3,2026-07-20
APOLLOHOSP,1000,16950,17950,11141.435525,18995665882.5,12659.78185,1518.346325,37516,8915.5,2026-07-20
GVT&D,2113,9288,11401,11821.6122625,5332879518.75,12650.78245,829.1701875,32690,4453.3,2026-07-20
KEI,1384,4994,6378,11825.6955425,4588073724.5,12551.6202875,725.924745,24500,4932.5,2026-07-20
UPL,1382,6344,7726,11456.239908,5378019037.7,12097.395285,641.155377,38163,609.05,2026-07-20
ABCAPITAL,914,4396,5310,11292.91746,5591461661.0,12013.42907,720.51161,20909,398.55,2026-07-20
JINDALSTEL,1718,6132,7850,11110.162625,4087369281.25,11777.2929375,667.1303125,36054,1028.6,2026-07-20
TATAELXSI,2466,19909,22375,10731.34405,9283955666.25,11716.2132125,984.8691625,87034,3514.0,2026-07-20
PIIND,2000,23947,25947,9318.69568,11503092268.5,10874.350865,1555.655185,32558,2664.1,2026-07-20
ZYDUSLIFE,909,8615,9524,9488.14569,9158551362.0,10730.03931,1241.89362,19982,1163.6,2026-07-20
MANKIND,1486,14828,16314,9459.280725,9706353597.5,10698.2167,1238.935975,21588,2585.0,2026-07-20
LICHSGFIN,1881,3077,4958,10346.115,1730290150.0,10554.2165,208.1015,36746,550.5,2026-07-20
TATACONSUM,1641,8093,9734,9886.843615,4929024534.5,10490.70396,603.860345,49137,1092.0,2026-07-20
IREDA,1880,2723,4603,10117.156995,1564939665.5,10394.065275,276.90828,34006,121.88,2026-07-20
MOTHERSON,1104,4157,5261,9725.40213,3802922241.0,10245.09804,519.69591,41582,142.76,2026-07-20
GODREJPROP,1336,10450,11786,9056.328775,7135932950.25,10173.2782775,1116.9495025,45536,2103.5,2026-07-20
BDL,1798,10535,12333,9493.68519,6077798039.75,10103.1405875,609.4553975,51474,1255.6,2026-07-20
AMBER,1032,13509,14541,8053.38895,10786522598.0,9693.91493,1640.52598,34966,7841.5,2026-07-20
POLICYBZR,1607,5635,7242,8908.813655,3210122982.5,9691.62348,782.809825,46947,1588.5,2026-07-20
GAIL,1423,4862,6285,8688.35804,3043951405.0,9057.10009,368.74205,37440,172.85,2026-07-20
BLUESTARCO,1557,7880,9437,8551.689965,4449430339.25,8910.3433575,358.6533925,22994,1709.6,2026-07-20
NYKAA,818,4526,5344,8360.033125,4640142781.25,8867.8671875,507.8340625,24421,324.65,2026-07-20
LTM,1262,9351,10613,7778.32386,5841818077.5,8612.179635,833.855775,51039,4097.1,2026-07-20
RVNL,1850,5324,7174,8007.8789175,2509521976.5,8588.2236825,580.344765,44754,226.28,2026-07-20
VOLTAS,1525,12919,14444,7702.41615,6617871735.0,8560.7835,858.36735,40705,1351.5,2026-07-20
COCHINSHIP,1446,6858,8304,8102.06512,4038708268.0,8441.8678,339.80268,39692,1402.7,2026-07-20
INOXWIND,1510,6053,7563,7661.08224,3321291328.0,8128.52352,467.44128,32264,79.35,2026-07-20
RADICO,1139,7843,8982,7102.578315,4975041954.0,8013.222855,910.64454,8777,4156.0,2026-07-20
BOSCHLTD,738,6665,7403,7509.21336,7135215667.0,7912.74503,403.53167,20023,40845.0,2026-07-20
CAMS,1158,6272,7430,7296.0096825,4069130150.25,7817.566185,521.5565025,19280,769.7,2026-07-20
IRFC,1481,7525,9006,7102.3541225,3856200236.0,7781.6899825,679.33586,47313,88.67,2026-07-20
KFINTECH,1452,4146,5598,7337.788325,2143114234.25,7658.6681675,320.8798425,20869,881.2,2026-07-20
LICI,1222,3975,5197,7372.92976,2473410814.0,7635.5979,262.66814,34514,433.35,2026-07-20
PAGEIND,888,6785,7673,7114.562824,5733737103.4,7570.183857999999,455.621034,25888,40280.0,2026-07-20
MAZDOCK,1330,7540,8870,6964.3807425,4261042521.0,7335.1284525,370.74771,53598,2342.1,2026-07-20
MFSL,1134,3258,4392,7010.07016,2089343588.0,7227.74604,217.67588,29032,1545.2,2026-07-20
MOTILALOFS,934,1655,2589,6983.0219475,1263381812.0,7187.4675675,204.44562,11944,968.0,2026-07-20
MAXHEALTH,1083,7025,8108,6242.46441,4167762359.25,6866.4005025,623.9360925,36922,1103.4,2026-07-20
FINNIFTY,229,35684,35913,3645.330546,57838501175.4,6782.5923,3137.261754,16556,26544.95,2026-07-20
SUPREMEIND,1040,2511,3551,6292.186915,1565208107.75,6435.2429925,143.0560775,23103,3439.9,2026-07-20
PGEL,1015,5583,6598,5902.33195,3292101509.5,6408.112045,505.780095,28011,612.1,2026-07-20
NAM-INDIA,842,2473,3315,6183.3024375,1884610206.25,6369.7795,186.4770625,15152,1178.0,2026-07-20
DABUR,1033,5750,6783,5538.63125,3188589837.5,5853.029625,314.398375,45245,426.35,2026-07-20
SBILIFE,747,5060,5807,5107.86585,3497617256.25,5494.0384125,386.1725625,35335,1809.0,2026-07-20
PNBHOUSING,721,1823,2544,5150.825875,1329194646.0,5342.477335,191.65146,18664,1094.4,2026-07-20
PIDILITIND,646,3938,4584,5040.1983,3248574370.0,5180.692,140.4937,20886,1562.0,2026-07-20
360ONE,838,6044,6882,4687.29615,3413713720.0,5085.83335,398.5372,21924,1116.7,2026-07-20
VMM,897,1524,2421,4856.2759,867915648.0,5018.08063,161.80473,13518,111.65,2026-07-20
APLAPOLLO,710,6163,6873,4509.76253,3857724363.5,4916.566165,406.803635,24605,1813.6,2026-07-20
FORTIS,565,2152,2717,4183.6633575,1641081224.0,4321.4905975,137.82724,21733,957.65,2026-07-20
PRESTIGE,526,2210,2736,3964.80141,1646978692.5,4203.898335,239.096925,18024,1669.5,2026-07-20
TIINDIA,649,1224,1873,3738.28906,736287828.0,3823.90734,85.61828,14338,2892.7,2026-07-20
GODFRYPHLP,613,3689,4302,3586.2113925,2088029347.25,3786.312365,200.1009725,11711,2136.2,2026-07-20
UNOMINDA,556,2172,2728,3506.81045,1416413685.5,3682.687305,175.876855,14753,1149.1,2026-07-20
PHOENIXLTD,465,2522,2987,3388.32347,1899572234.0,3653.72581,265.40234,14965,2071.5,2026-07-20
FORCEMOT,550,4211,4761,2495.113165,2022199916.25,2724.3623275,229.2491625,21586,18037.0,2026-07-20
NUVAMA,268,1295,1563,2495.9242,1253398345.0,2645.70765,149.78345,7851,1857.2,2026-07-20
NIFTYNXT50,97,366,463,1748.56665,676942333.75,1787.8649875,39.2983375,1293,72332.3,2026-07-20
KAYNES,289,237,526,1446.978495,123531760.5,1455.4461,8.467605,41882,3368.0,2026-07-20
NIFTY,40975,99528634,99569609,644922.8016725,156826715751737.84,4353809.199051,3708886.3973785,10394548,24230.2,2026-07-20
BANKNIFTY,33582,2746256,2779838,583192.952766,4801144334864.7,875554.921413,292361.96864700003,1343008,57853.0,2026-07-20
ICICIBANK,36424,265981,302405,371342.85958,273617372413.0,399987.35371,28644.49413,288756,1461.0,2026-07-20
AXISBANK,36045,282166,318211,285520.2693125,228700723700.0,310111.3813125,24591.112,225801,1257.1,2026-07-20
RELIANCE,41088,452520,493608,274178.624,306553037680.0,305387.6008,31208.9768,521606,1330.3,2026-07-20
PNB,17645,117854,135499,156057.4944,106145546960.0,173985.284,17927.7896,76922,111.12,2026-07-20
SBIN,18848,195533,214381,148573.8972,155840752860.0,164832.9258,16259.0286,230469,1050.0,2026-07-20
KOTAKBANK,17325,70795,88120,131829.2518,55192254920.0,137262.101,5432.8492,172420,381.35,2026-07-20
INFY,24848,91223,116071,108412.96676,40767476088.0,115542.68764,7129.72088,580368,1089.5,2026-07-20
BAJFINANCE,12238,68399,80637,96458.5566,54491400510.0,103903.5117,7444.9551,155007,1061.8,2026-07-20
AUBANK,9052,25294,34346,91145.0257,26304325080.0,95160.2765,4015.2508,43098,991.9,2026-07-20
MARUTI,12608,158638,171246,85261.421755,110327882611.5,94888.54787,9627.126115,163095,13464.0,2026-07-20
TCS,15877,118062,133939,80553.9746025,60540282218.25,88849.726785,8295.7521825,421217,2254.2,2026-07-20
UNIONBANK,10716,35505,46221,81981.529845,27790101072.75,86534.6924475,4553.1626025,57757,175.26,2026-07-20
BHEL,6313,47407,53720,69644.5346625,54096475072.5,78413.2416375,8768.706975,79421,417.5,2026-07-20
INDIGO,9112,39059,48171,70988.39565,30994592649.0,76146.54714,5158.15149,91992,5254.0,2026-07-20
JIOFIN,12048,81571,93619,67952.559345,47467405905.5,74130.8534,6178.294055,159998,238.94,2026-07-20
CANBK,7746,22337,30083,67148.8569,19827943290.0,71117.0928,3968.2359,88467,128.34,2026-07-20
MIDCPNIFTY,2670,204682,207352,47302.79022,363369759156.0,70618.34178,23315.55156,140874,14773.85,2026-07-20
TRENT,8587,103884,112471,56354.300415,69973735493.25,66147.619635,9793.31922,138894,2927.0,2026-07-20
YESBANK,8539,42203,50742,61202.97754,32546295237.0,64549.54591,3346.56837,81612,22.99,2026-07-20
FEDERALBNK,6764,55375,62139,58971.08675,48822139450.0,64231.54375,5260.457,71612,349.45,2026-07-20
RBLBANK,5150,21637,26787,60045.55301,26004932686.5,63621.872375,3576.319365,29330,368.4,2026-07-20
DELHIVERY,5964,18066,24030,60258.7492825,19018840323.5,63221.3550175,2962.605735,35900,486.8,2026-07-20
JSWSTEEL,6710,53443,60153,57081.7467225,46028113535.25,63126.964575,6045.2178525,84400,1257.0,2026-07-20
BANDHANBNK,8003,13058,21061,61008.92244,10285626636.0,63122.0688,2113.14636,51214,211.87,2026-07-20
HCLTECH,12168,45347,57515,58858.81588,22293673316.0,61650.62904,2791.81316,179229,1218.5,2026-07-20
DIXON,6676,83682,90358,47989.787995,61154117822.0,57477.266215,9487.47822,137695,14500.0,2026-07-20
BSE,6376,79965,86341,46246.61584,60138944112.0,55482.65696,9236.04112,116035,3647.0,2026-07-20
KALYANKJIL,5387,64542,69929,41455.331955,49715395555.5,54716.57001,13261.238055,108959,569.9,2026-07-20
BANKBARODA,6594,20497,27091,48678.3937575,15603452163.0,51437.8551375,2759.46138,90707,254.0,2026-07-20
INDUSINDBK,6549,15455,22004,47147.41773,11242302015.0,49404.50788,2257.09015,86243,1028.05,2026-07-20
MCX,6638,53038,59676,41999.440815,34402574441.25,47772.4477275,5773.0069125,92347,2824.6,2026-07-20
LT,6418,58182,64600,43096.9827225,39927222685.0,47041.8645725,3944.88185,216867,3841.7,2026-07-20
TECHM,4322,35937,40259,41098.15404,34604089110.0,46339.47714,5241.3231,76685,1580.6,2026-07-20
SOLARINDS,4067,49622,53689,38408.16481,48304189081.5,45908.555625,7500.390815,34481,18866.0,2026-07-20
BHARTIARTL,4465,61495,65960,40619.5548425,56839172557.25,44682.780415,4063.2255725,204640,1931.4,2026-07-20
BAJAJ-AUTO,5168,36796,41964,40710.863835,29320591259.25,44472.6514275,3761.7875925,73105,10450.0,2026-07-20
JSWENERGY,6566,33792,40358,39550.6536275,21045964709.25,43626.69447,4076.0408425,40850,566.45,2026-07-20
WIPRO,7913,26481,34394,41146.4175,14356845210.0,42796.5696,1650.1521,201701,176.27,2026-07-20
ADANIPOWER,4815,26001,30816,37288.764415,21066621544.5,42487.19236,5198.427945,80996,218.73,2026-07-20
IDFCFIRSTB,5203,14487,19690,39134.573275,11101839987.0,40932.891895,1798.31862,67662,81.58,2026-07-20
LAURUSLABS,2773,12480,15253,36767.98743,16814389350.5,39749.315935,2981.328505,36448,1563.0,2026-07-20
POLYCAB,2993,50317,53310,33264.308525,57776140208.75,39016.7106125,5752.4020875,83045,8892.5,2026-07-20
TVSMOTOR,5893,17589,23482,37030.9779,11347304256.75,38948.6079675,1917.6300675,103675,3578.7,2026-07-20
NTPC,6912,37015,43927,36014.61435,19867600890.0,38821.97325,2807.3589,144652,346.15,2026-07-20
WAAREEENER,7355,29768,37123,35862.1419975,14968364479.25,38306.82429,2444.6822925,82276,2836.9,2026-07-20
TORNTPHARM,5351,55542,60893,32606.1495,34740657586.25,36981.6003625,4375.4508625,57513,4975.0,2026-07-20
INDIANB,4037,19246,23283,34190.4297,16673604980.0,36691.992,2501.5623,38480,854.6,2026-07-20
M&M,5177,36403,41580,32783.58892,23413443520.0,35849.66412,3066.0752,156041,3161.9,2026-07-20
DIVISLAB,4284,58005,62289,31462.7229,43113384920.0,35822.8221,4360.0992,83228,7391.5,2026-07-20
ETERNAL,4591,22756,27347,31992.899385,16511601924.25,35515.5273775,3522.6279925,119735,286.35,2026-07-20
PAYTM,2955,27449,30404,28912.4368925,27953187652.5,35135.2634175,6222.826525,74941,1345.4,2026-07-20
HINDALCO,4922,23456,28378,32908.13897,16027338698.0,35048.58595,2140.44698,123938,952.85,2026-07-20
ADANIGREEN,3372,14564,17936,30727.40934,13869820008.0,34099.02942,3371.62008,65037,1530.2,2026-07-20
DRREDDY,4087,26972,31059,31239.33325,21383494900.0,33947.46975,2708.1365,79140,1230.6,2026-07-20
COALINDIA,5439,23937,29376,31502.97792,14346189909.0,32851.79451,1348.81659,109730,429.4,2026-07-20
HINDPETRO,3776,12569,16345,30459.835755,10424667417.75,32411.7111825,1951.8754275,41775,402.45,2026-07-20
SONACOMS,3439,13496,16935,29814.8625425,11957711239.25,32021.846185,2206.9836425,27198,707.7,2026-07-20
ITC,5880,43463,49343,28734.248565,21677826893.25,30973.4567475,2239.2081825,195422,282.5,2026-07-20
ULTRACEMCO,4069,62593,66662,23992.614635,37708651297.0,28651.027605,4658.41297,81500,11820.0,2026-07-20
BANKINDIA,3611,9313,12924,27289.6494,7260740084.0,28460.78404,1171.13464,33146,146.22,2026-07-20
ADANIENT,2521,20362,22883,24721.9496973,20348500726.44,28069.2637617,3347.3140644,102815,3171.6,2026-07-20
BPCL,4093,24249,28342,25407.6325975,15415680503.75,28028.316385,2620.6837875,42773,317.7,2026-07-20
SHRIRAMFIN,2994,13570,16564,25354.046355,11883681306.75,27653.9169225,2299.8705675,63234,1029.6,2026-07-20
PATANJALI,6886,23535,30421,25163.047235,9013035607.75,26790.9108125,1627.8635775,69066,338.1,2026-07-20
BIOCON,2264,14486,16750,24912.381,16234335550.0,26559.1115,1646.7305,47582,438.7,2026-07-20
SUZLON,3654,16430,20084,24559.87468,11756115553.0,26416.66421,1856.78953,68461,52.73,2026-07-20
LTF,3563,17204,20767,24410.067075,12473853075.0,25821.710325,1411.64325,49799,305.0,2026-07-20
BHARATFORG,2053,14383,16436,22494.00775,16021742705.0,24989.2348,2495.22705,26977,2203.0,2026-07-20
MANAPPURAM,2400,6428,8828,23899.149,6521593860.0,24980.1876,1081.0386,24959,333.4,2026-07-20
PREMIERENE,3132,35327,38459,21465.9757,24756206026.5,24692.060965,3226.085265,22592,1088.9,2026-07-20
CDSL,3368,19663,23031,22377.51467,13412547587.75,24341.6505475,1964.1358775,54344,1397.0,2026-07-20
SWIGGY,4610,11175,15785,22986.014795,5752907788.0,24106.988925,1120.97413,48322,272.34,2026-07-20
ABB,2088,33210,35298,19572.6799625,31783828503.75,23251.965,3679.2850375,55014,7471.0,2026-07-20
PERSISTENT,3171,26052,29223,20530.967425,16847023371.25,23183.5136375,2652.5462125,80700,5174.2,2026-07-20
ONGC,3578,45024,48602,20204.066925,25810095127.5,22818.81195,2614.745025,86176,250.23,2026-07-20
SBICARD,4022,18229,22251,20906.4212,9772322904.0,22636.37024,1729.94904,64517,651.75,2026-07-20
CHOLAFIN,1927,7979,9906,21362.3460625,9107596162.5,22617.1826875,1254.836625,35717,1784.1,2026-07-20
HAL,2867,30143,33010,19342.906845,20852268111.0,22340.987955,2998.08111,75293,4485.0,2026-07-20
COFORGE,2820,13999,16819,20129.80517,10335154618.75,22110.0813575,1980.2761875,73618,1503.5,2026-07-20
EXIDEIND,2331,24687,27018,18453.1284,19885806936.0,21850.86276,3397.73436,32039,437.45,2026-07-20
INDUSTOWER,2990,4421,7411,20668.09034,3085640658.0,21182.47192,514.38158,86443,404.45,2026-07-20
GLENMARK,2396,8201,10597,20232.0279,7057547321.25,21141.0511125,909.0232125,42317,2246.0,2026-07-20
AMBUJACEM,3797,10886,14683,19924.34544,5844853884.0,20733.40428,809.05884,91141,437.55,2026-07-20
PFC,3657,14909,18566,19478.2393,8151448591.0,20604.23521,1125.99591,70867,411.4,2026-07-20
OIL,2670,40618,43288,16666.55172,26185322114.0,20121.77286,3455.22114,25958,452.8,2026-07-20
INDHOTEL,2692,5511,8203,19521.2351,4104559690.0,20107.082,585.8469,40632,721.9,2026-07-20
DLF,2939,12863,15802,18246.84,8213330535.5,19406.610355,1159.770355,86073,662.55,2026-07-20
TATASTEEL,3487,23367,26854,17953.774025,12361566855.0,19387.767575,1433.99355,135695,186.6,2026-07-20
TMPV,3263,29341,32604,17549.93232,16752738688.0,19265.8792,1715.94688,136422,334.1,2026-07-20
BEL,2971,25102,28073,17311.05333,15212537140.5,19214.705985,1903.652655,146100,407.6,2026-07-20
CIPLA,2717,27088,29805,16775.171005,17096092432.0,19206.085325,2430.91432,62079,1458.6,2026-07-20
ASHOKLEY,2274,13584,15858,17587.448,11042909650.0,19160.6695,1573.2215,65297,155.19,2026-07-20
RECLTD,3159,15563,18722,17806.7211525,8962180542.0,18938.8840725,1132.16292,53826,361.2,2026-07-20
POWERINDIA,2036,23916,25952,16544.90748,20125117726.25,18816.5847425,2271.6772625,57472,32480.0,2026-07-20
EICHERMOT,2254,16514,18768,16934.42009,12512111420.0,18655.08429,1720.6642,84709,7539.5,2026-07-20
HDFCAMC,2197,14215,16412,17318.55534,11602715712.0,18602.59446,1284.03912,48103,2632.8,2026-07-20
DMART,2930,20203,23133,17427.010755,12581232162.0,18420.207375,993.19662,86752,3971.0,2026-07-20
MARICO,1739,6187,7926,17788.191,6404900352.0,18363.73452,575.54352,21890,854.95,2026-07-20
ICICIPRULI,3863,8826,12689,17851.8154075,4262076583.0,18235.0462375,383.23083,48077,498.0,2026-07-20
NAUKRI,2615,8968,11583,17216.82248,5949894846.5,17942.715945,725.893465,47358,1194.7,2026-07-20
POWERGRID,2939,21307,24246,16055.16264,11839418054.0,17491.89818,1436.73554,58383,286.95,2026-07-20
VEDL,4898,49930,54828,14637.215985,15841138231.5,17192.3183,2555.102315,132913,260.5,2026-07-20
NHPC,2922,11998,14920,16234.409785,6887940044.5,16979.62423,745.214445,36559,80.7,2026-07-20
AUROPHARMA,1872,8574,10446,16066.19058,7490222734.5,16974.937925,908.747345,34968,1569.1,2026-07-20
ADANIPORTS,1724,15307,17031,15131.76663,13534672230.0,16931.57393,1799.8073,69524,1850.3,2026-07-20
CUMMINSIND,1433,8394,9827,15802.6939,9510371266.0,16921.80656,1119.11266,36637,5512.0,2026-07-20
CGPOWER,2052,6582,8634,15890.429805,5286274338.0,16891.783185,1001.35338,48343,912.55,2026-07-20
ASIANPAINT,2271,23937,26208,15313.331625,16130327922.5,16876.11085,1562.779225,68159,2677.8,2026-07-20
ADANIENSOL,1200,11059,12259,14001.233265,13158880893.0,16862.817195,2861.58393,45835,1732.5,2026-07-20
KPITTECH,3706,16699,20405,15883.604385,7743365519.5,16780.11958,896.515195,64508,558.6,2026-07-20
MUTHOOTFIN,1870,10482,12352,15417.5454125,8856059170.75,16611.73712,1194.1917075,43157,2989.0,2026-07-20
HINDUNILVR,2322,22932,25254,14942.83752,15047547693.0,16362.65445,1419.81693,123692,2133.1,2026-07-20
CONCOR,2416,9756,12172,14919.226,6169622275.0,16122.07375,1202.84775,30546,498.5,2026-07-20
BAJAJFINSV,2628,18200,20828,14650.27521,10304659503.0,15735.21024,1084.93503,81802,1864.8,2026-07-20
OBEROIRLTY,2118,26241,28359,13700.136555,17486871909.5,15686.84565,1986.709095,38447,1879.0,2026-07-20
TITAN,1643,22778,24421,13389.588485,18465296713.5,15373.35562,1983.767135,83304,4643.3,2026-07-20
NATIONALUM,2145,10804,12949,13967.9724375,7284413418.75,15340.950375,1372.9779375,53321,344.25,2026-07-20
SUNPHARMA,2000,27544,29544,13646.214925,19001357984.0,15316.254765,1670.03984,100877,1952.4,2026-07-20
SIEMENS,2198,11660,13858,14007.844375,7713226059.0,15185.117465,1177.27309,43083,3675.0,2026-07-20
HDFCLIFE,2264,15106,17370,14048.78695,9634426351.0,15015.46046,966.67351,80435,564.05,2026-07-20
MPHASIS,1963,11400,13363,13131.434635,7808120460.25,14945.3877375,1813.9531025,28345,2425.3,2026-07-20
CROMPTON,2417,17795,20212,13528.964225,10375019016.0,14936.090635,1407.12641,35919,261.3,2026-07-20
ASTRAL,2380,11051,13431,13934.27202,6522159463.0,14702.32165,768.04963,34103,1398.1,2026-07-20
HINDZINC,2050,12764,14814,13242.925465,8635753470.75,14483.7851725,1240.8597075,55030,526.65,2026-07-20
LUPIN,1259,9445,10704,13267.44328,9864542595.5,14263.594235,996.150955,22983,2490.0,2026-07-20
SRF,2246,8518,10764,12961.50644,4997974564.0,13852.29208,890.78564,34809,2879.5,2026-07-20
LODHA,1809,6544,8353,13150.8431875,4730326512.5,13723.6708125,572.827625,49887,1191.95,2026-07-20
IOC,1824,8420,10244,12562.5006,5997691732.5,13400.86605,838.36545,58385,141.78,2026-07-20
NESTLEIND,1674,11185,12859,12091.4578,8245475955.0,13267.36735,1175.90955,43255,1443.2,2026-07-20
GRASIM,1573,8691,10264,12307.91745,6949642690.0,12998.64435,690.7269,69539,3126.5,2026-07-20
DALBHARAT,1943,9076,11019,11698.6250225,5538885160.25,12812.476625,1113.8516025,23308,1841.9,2026-07-20
KEI,1400,5003,6403,11963.17038,4596104539.25,12690.3032725,727.1328925,24494,4936.0,2026-07-20
APOLLOHOSP,1001,16964,17965,11152.603675,19011131140.0,12672.227575,1519.6239,37517,8914.5,2026-07-20
GVT&D,2116,9337,11453,11838.402675,5363917576.25,12668.3284375,829.9257625,32693,4454.3,2026-07-20
HYUNDAI,2263,4014,6277,12183.303,2277681375.75,12428.1017575,244.7987575,31957,1974.3,2026-07-20
UPL,1383,6347,7730,11464.553917,5380569676.15,12105.9449285,641.3910115,38162,608.75,2026-07-20
ABCAPITAL,914,4397,5311,11292.91746,5592714216.0,12013.70962,720.79216,20911,398.35,2026-07-20
JINDALSTEL,1727,6151,7878,11168.23225,4100019262.5,11837.049875,668.817625,36051,1027.5,2026-07-20
PIIND,2000,23981,25981,9318.69568,11519587044.0,10875.88362,1557.18794,32540,2665.4,2026-07-20
MANKIND,1499,15127,16626,9543.5036,9910667000.0,10797.1736,1253.67,21474,2586.0,2026-07-20
ZYDUSLIFE,911,8619,9530,9509.06943,9162782973.0,10751.87916,1242.80973,19986,1164.0,2026-07-20
SAIL,1342,2075,3417,10377.27758,1662805151.0,10666.95409,289.67651,52386,162.99,2026-07-20
BRITANNIA,1399,12586,13985,9535.1386625,8675244346.25,10653.394625,1118.2559625,29979,5470.0,2026-07-20
TATACONSUM,1653,8133,9786,9959.104485,4954043237.0,10569.391855,610.28737,49144,1092.1,2026-07-20
LICHSGFIN,1882,3078,4960,10351.6322,1730845630.0,10559.7885,208.1563,36746,550.45,2026-07-20
IREDA,1881,2725,4606,10122.5946875,1566069648.5,10399.6260475,277.03136,34014,121.82,2026-07-20
MOTHERSON,1112,4170,5282,9796.35714,3814394635.5,10316.509995,520.152855,41579,142.74,2026-07-20
GODREJPROP,1339,10456,11795,9076.7809275,7139943603.0,10194.1219575,1117.34103,45539,2103.1,2026-07-20
BDL,1798,10539,12337,9493.68519,6080362073.25,10103.1959225,609.5107325,51475,1255.0,2026-07-20
AMBER,1037,13534,14571,8092.6135,10806522389.0,9736.93739,1644.32389,34969,7838.5,2026-07-20
POLICYBZR,1610,5636,7246,8925.548065,3210642823.5,9708.3763,782.828235,46947,1588.6,2026-07-20
GAIL,1423,4894,6317,8688.35804,3064069645.5,9059.127495,370.769455,37447,172.88,2026-07-20
BLUESTARCO,1578,7913,9491,8668.0950525,4468068189.0,9029.4369425,361.34189,22919,1709.5,2026-07-20
NYKAA,819,4529,5348,8370.238125,4643187937.5,8878.21125,507.973125,24423,324.9,2026-07-20
ALKEM,1137,11412,12549,8044.988125,8385110423.75,8698.0298625,653.0417375,17977,5674.0,2026-07-20
LTM,1266,9365,10631,7803.01791,5850725109.0,8638.494,835.47609,51037,4095.4,2026-07-20
RVNL,1853,5328,7181,8021.00915,2511304719.0,8601.85634,580.84719,44758,226.11,2026-07-20
VOLTAS,1526,12921,14447,7707.499575,6618912585.0,8566.000425,858.50085,40699,1351.8,2026-07-20
COCHINSHIP,1446,6874,8320,8102.06512,4048120740.0,8442.39252,340.3274,39696,1402.8,2026-07-20
JUBLFOOD,1466,6191,7657,7715.043,3411363762.5,8187.180625,472.137625,35299,424.0,2026-07-20
INOXWIND,1511,6069,7580,7666.14336,3329675520.0,8134.80256,468.6592,32266,79.34,2026-07-20
RADICO,1142,7844,8986,7121.345055,4975681450.5,8032.08456,910.739505,8785,4156.1,2026-07-20
BOSCHLTD,739,6669,7408,7519.4283775,7139630201.75,7923.167895,403.7395175,20026,40840.0,2026-07-20
CAMS,1161,6279,7440,7315.1384625,4073657898.75,7837.17495,522.0364875,19272,769.5,2026-07-20
IRFC,1482,7530,9012,7107.1346325,3858793874.25,7787.234875,680.1002425,47311,88.68,2026-07-20
KFINTECH,1473,4178,5651,7444.4600825,2160166693.0,7768.9995125,324.53943,20855,881.9,2026-07-20
LICI,1240,3979,5219,7481.77864,2475936386.0,7744.7125,262.93386,34537,433.5,2026-07-20
PAGEIND,902,6889,7791,7227.424824,5821262417.8,7690.899002,463.474178,25837,40270.0,2026-07-20
IEX,1265,9560,10825,6787.93227,5308500576.0,7671.91578,883.98351,33067,125.25,2026-07-20
MAZDOCK,1330,7547,8877,6964.3807425,4264725098.25,7335.369225,370.9884825,53600,2340.8,2026-07-20
MOTILALOFS,943,1667,2610,7050.844135,1272586843.5,7256.97507,206.130935,11941,967.95,2026-07-20
MFSL,1137,3258,4395,7028.5686,2089343588.0,7246.24448,217.67588,29034,1544.6,2026-07-20
NBCC,1034,3233,4267,6561.92225,2175368000.0,6970.47975,408.5575,29544,98.04,2026-07-20
MAXHEALTH,1083,7039,8122,6242.46441,4176176408.25,6867.2759925,624.8115825,36912,1103.6,2026-07-20
FINNIFTY,230,35774,36004,3661.30008,57987993225.0,6803.11233,3141.81225,16539,26543.9,2026-07-20
PGEL,1033,5790,6823,6007.298305,3416310010.0,6527.953405,520.6551,28067,613.05,2026-07-20
SUPREMEIND,1040,2517,3557,6292.186915,1568468452.25,6435.2964375,143.1095225,23103,3440.7,2026-07-20
NAM-INDIA,842,2479,3321,6183.3024375,1888970443.75,6369.881875,186.5794375,15151,1177.3,2026-07-20
PETRONET,1170,2069,3239,6100.75883,1110190045.0,6251.15428,150.39545,27514,275.7,2026-07-20
UNITDSPR,1065,4321,5386,5895.7944,2451768380.0,6236.5982,340.8038,36823,1386.1,2026-07-20
ICICIGI,1004,16896,17900,5277.7671375,9113039542.75,6119.522565,841.7554275,46218,1620.7,2026-07-20
DABUR,1033,5780,6813,5538.63125,3205387837.5,5854.259625,315.628375,45269,426.25,2026-07-20
SBILIFE,747,5062,5809,5107.86585,3498995325.0,5494.2441,386.37825,35338,1809.1,2026-07-20
PNBHOUSING,721,1823,2544,5150.825875,1329194646.0,5342.477335,191.65146,18664,1094.5,2026-07-20
360ONE,839,6044,6883,4692.8844,3413713720.0,5091.4216,398.5372,21924,1117.0,2026-07-20
VMM,897,1524,2421,4856.2759,867915648.0,5018.08063,161.80473,13518,111.68,2026-07-20
APLAPOLLO,711,6166,6877,4516.135365,3859520927.5,4923.05464,406.919275,24607,1813.2,2026-07-20
FORTIS,565,2153,2718,4183.6633575,1641851295.0,4321.5188075,137.85545,21733,957.95,2026-07-20
GODREJCP,766,3723,4489,4069.4254,2041971215.0,4230.53755,161.11215,30558,1061.4,2026-07-20
PRESTIGE,529,2217,2746,3987.342495,1652608453.5,4227.11703,239.774535,18023,1669.2,2026-07-20
TIINDIA,650,1226,1876,3744.09396,737533840.0,3829.77236,85.6784,14348,2892.0,2026-07-20
GODFRYPHLP,613,3706,4319,3586.2113925,2097317414.5,3786.7930375,200.581645,11713,2136.0,2026-07-20
UNOMINDA,560,2175,2735,3532.06359,1418331310.0,3708.30669,176.2431,14750,1150.0,2026-07-20
PHOENIXLTD,465,2523,2988,3388.32347,1900276686.0,3653.77033,265.44686,14964,2071.6,2026-07-20
BAJAJHLDNG,356,1672,2028,2771.3302125,1346181322.5,2846.2434375,74.913225,6930,10300.0,2026-07-20
FORCEMOT,550,4222,4772,2495.113165,2027752645.75,2724.5146225,229.4014575,21590,18042.0,2026-07-20
NUVAMA,268,1297,1565,2495.9242,1255249515.0,2645.71935,149.79515,7850,1856.6,2026-07-20
SHREECEM,373,2712,3085,2494.43698,1915440486.25,2637.4043425,142.9673625,18711,26875.0,2026-07-20
NIFTYNXT50,99,366,465,1784.713605,676942333.75,1824.0119425,39.2983375,1293,72328.0,2026-07-20
KAYNES,289,237,526,1446.978495,123531760.5,1455.4461,8.467605,41882,3368.7,2026-07-20
NIFTY,41915,101682189,101724104,659753.9189475,160226653280455.44,4450905.786002,3791151.8670545,10383594,24250.15,2026-07-20
BANKNIFTY,34459,2812614,2847073,598479.670485,4917244777533.0,899516.605815,301036.93533,1341181,57909.1,2026-07-20
HDFCBANK,96556,600303,696859,491272.528045,315200631889.0,523026.029435,31753.50139,853992,779.95,2026-07-20
ICICIBANK,36685,269045,305730,374011.76414,276781807008.0,403007.38422,28995.62008,288255,1462.9,2026-07-20
AXISBANK,36383,283262,319645,288193.446,229586332425.0,312875.02025,24681.57425,225972,1257.8,2026-07-20
RELIANCE,41284,454543,495827,275484.61565,307918783580.0,306848.55145,31363.9358,521741,1330.0,2026-07-20
PNB,17746,118364,136110,156950.1424,106605562240.0,174947.2848,17997.1424,76929,111.23,2026-07-20
SBIN,19000,197757,216757,149775.995175,157628364090.0,166217.136075,16441.1409,230551,1052.7,2026-07-20
KOTAKBANK,17394,71433,88827,132359.0512,55680285420.0,137838.6054,5479.5542,172629,381.45,2026-07-20
INFY,25252,92879,118131,110175.49104,41502250880.0,117438.75984,7263.2688,580309,1091.5,2026-07-20
BAJFINANCE,12330,69042,81372,97194.078375,55001254380.0,104705.072175,7510.9938,155090,1061.5,2026-07-20
AUBANK,9102,25622,34724,91641.8907,26643324130.0,95710.132,4068.2413,43122,993.4,2026-07-20
MARUTI,12679,159598,172277,85738.771445,110990646175.5,95423.0332,9684.261755,163141,13473.0,2026-07-20
TCS,16140,118653,134793,81888.2406675,60841947336.75,90252.109035,8363.8683675,421373,2256.4,2026-07-20
UNIONBANK,10855,35835,46690,83068.8749175,28051316566.5,87662.3824575,4593.50754,57827,175.59,2026-07-20
BHEL,6340,47524,53864,69940.9622625,54229166958.75,78729.403725,8788.4414625,79416,418.05,2026-07-20
INDIGO,9237,39702,48939,71974.326735,31512235567.5,77222.33241,5248.005675,92061,5247.5,2026-07-20
JIOFIN,12126,82361,94487,68392.20181,47925102762.5,74627.709435,6235.507625,160107,238.93,2026-07-20
MIDCPNIFTY,2705,207459,210164,47924.765616000004,368292538676.4,71613.23238,23688.466764,140796,14786.75,2026-07-20
CANBK,7800,22499,30299,67617.17595,19971687645.0,71610.99165,3993.8157,88439,128.59,2026-07-20
DELHIVERY,6286,18675,24961,63507.89737,19658604759.25,66602.4774625,3094.5800925,36039,483.25,2026-07-20
TRENT,8642,104437,113079,56716.456455,70346587898.25,66562.8787125,9846.4222575,138861,2926.0,2026-07-20
HCLTECH,12914,46381,59295,62488.75536,22802589728.0,65346.25264,2857.49728,179446,1220.0,2026-07-20
YESBANK,8625,42372,50997,61818.97835,32672176530.0,65188.75665,3369.7783,81744,23.0,2026-07-20
FEDERALBNK,6813,55731,62544,59401.54,49127134975.0,64689.88975,5288.34975,71597,349.95,2026-07-20
RBLBANK,5182,21740,26922,60422.4344,26130438404.5,64015.719695,3593.285295,29326,369.8,2026-07-20
JSWSTEEL,6759,53962,60721,57498.566985,46476814797.0,63590.377455,6091.81047,84289,1258.2,2026-07-20
BANDHANBNK,8028,13118,21146,61199.48232,10332999792.0,63324.39024,2124.90792,51225,211.74,2026-07-20
DIXON,6832,84903,91735,49121.291225,62044308648.5,58761.10271,9639.811485,137835,14518.0,2026-07-20
BSE,6418,80339,86757,46554.07988,60426836194.0,55859.24182,9305.16194,115924,3647.6,2026-07-20
KALYANKJIL,5402,64742,70144,41570.748855,49863015423.0,54868.005585,13297.25673,108923,569.85,2026-07-20
BANKBARODA,6670,20710,27380,49245.987375,15764983328.25,52037.7796575,2791.7922825,90696,254.35,2026-07-20
INDUSINDBK,6567,15650,22217,47277.55767,11384315803.0,49563.4657,2285.90803,86254,1029.4,2026-07-20
MCX,6665,53242,59907,42171.8159025,34535694791.25,47968.888815,5797.0729125,92343,2822.3,2026-07-20
LT,6537,59010,65547,43901.12069,40502642295.5,47916.548645,4015.427955,216805,3845.8,2026-07-20
TECHM,4342,36071,40413,41288.12724,34725626118.0,46542.37242,5254.24518,76696,1581.8,2026-07-20
COLPAL,7097,64610,71707,41150.9439,38126795836.25,46132.5522625,4981.6083625,33323,2111.3,2026-07-20
SOLARINDS,4084,49831,53915,38569.24228,48506336625.0,46113.48353,7544.24125,34471,18881.0,2026-07-20
BHARTIARTL,4577,62881,67458,41641.103,58112819512.0,45810.83312,4169.73012,204333,1941.5,2026-07-20
BAJAJ-AUTO,5210,36927,42137,41040.77487,29425944490.5,44816.969775,3776.194905,73090,10456.0,2026-07-20
JSWENERGY,6611,33986,40597,39825.14832,21167468723.5,43919.485555,4094.337235,40840,564.65,2026-07-20
WIPRO,8000,26727,34727,41600.2878,14494984560.0,43263.8334,1663.5456,201677,176.36,2026-07-20
ADANIPOWER,4866,26104,30970,37686.58132,21149238316.0,42899.73573,5213.15441,81064,218.93,2026-07-20
IDEA,3896,17449,21345,38110.12692,18573261921.0,42049.65738,3939.53046,124460,13.63,2026-07-20
IDFCFIRSTB,5242,14641,19883,39429.39399,11219676450.5,41244.012495,1814.618505,67646,81.73,2026-07-20
LAURUSLABS,2781,12515,15296,36874.812455,16862272213.5,39864.74959,2989.937135,36443,1563.9,2026-07-20
NTPC,7062,37538,44600,36796.6647,20149088730.0,39634.977,2838.3123,144706,346.55,2026-07-20
POLYCAB,3019,50592,53611,33553.7774125,58094466067.5,39331.1880875,5777.410675,83057,8899.0,2026-07-20
TVSMOTOR,5912,17678,23590,37150.13183,11404922725.0,39077.41908,1927.28725,103704,3580.8,2026-07-20
WAAREEENER,7373,29833,37206,35951.3040775,15001056876.75,38401.172845,2449.8687675,82257,2837.1,2026-07-20
TORNTPHARM,5421,56188,61609,33037.8109375,35149906471.25,37470.93815,4433.1272125,57642,4978.4,2026-07-20
INDIANB,4064,19354,23418,34421.156,16768019340.0,36936.7169,2515.5609,38469,854.85,2026-07-20
HAVELLS,5544,43093,48637,33213.82155,26219858745.0,36543.259,3329.43745,45826,1202.6,2026-07-20
DIVISLAB,4308,58416,62724,31639.39839,43419409817.0,36032.24656,4392.84817,83201,7386.5,2026-07-20
M&M,5197,36630,41827,32910.1977,23558969798.0,35998.83568,3088.63798,156076,3162.1,2026-07-20
ETERNAL,4630,22967,27597,32263.55218,16658349950.5,35808.78481,3545.23263,119755,286.8,2026-07-20
PAYTM,3012,27939,30951,29471.0383,28458446039.5,35802.383695,6331.345395,75114,1347.4,2026-07-20
HINDALCO,4957,23645,28602,33143.09495,16156895867.0,35297.83362,2154.73867,123921,953.2,2026-07-20
DRREDDY,4194,27304,31498,32064.5394375,21648249137.5,34814.7183125,2750.178875,79050,1229.8,2026-07-20
ADANIGREEN,3411,14835,18246,31087.32402,14134394496.0,34523.66898,3436.34496,65046,1531.5,2026-07-20
COALINDIA,5476,24116,29592,31716.733005,14454754101.0,33083.881515,1367.14851,109748,429.45,2026-07-20
HINDPETRO,3785,12644,16429,30533.22621,10487138586.75,32497.9595775,1964.7333675,41766,402.5,2026-07-20
SONACOMS,3445,13547,16992,29866.9277375,12003299430.5,32084.7507925,2217.823055,27209,707.6,2026-07-20
ITC,5943,43759,49702,29042.277675,21824970945.75,31296.1121325,2253.8344575,195419,282.6,2026-07-20
OFSS,2286,14283,16569,26823.47616,16661037931.0,30166.34547,3342.86931,35171,11580.0,2026-07-20
ULTRACEMCO,4167,64296,68463,24572.736535,38739159855.0,29374.335085,4801.59855,81525,11829.0,2026-07-20
BANKINDIA,3623,9380,13003,27382.2068,7311935384.0,28561.47164,1179.26484,33140,146.53,2026-07-20
BPCL,4121,24509,28630,25583.859675,15579834228.5,28233.29571,2649.436035,42740,317.6,2026-07-20
ADANIENT,2531,20572,23103,24820.3323,20547510208.11,28192.2848811,3371.9525811000003,102788,3173.5,2026-07-20
SHRIRAMFIN,3003,13688,16691,25430.4932475,11985417617.25,27746.91942,2316.4261725,63250,1030.4,2026-07-20
PATANJALI,6889,23572,30461,25174.0080425,9027221899.0,26804.0382825,1630.03024,69057,338.45,2026-07-20
BIOCON,2272,14517,16789,25000.3705,16269452075.0,26651.26625,1650.89575,47594,438.65,2026-07-20
SUZLON,3672,16475,20147,24683.76318,11787255445.0,26547.02463,1863.26145,68448,52.86,2026-07-20
LTF,3580,17244,20824,24527.20365,12502908967.5,25940.280825,1413.077175,49800,305.3,2026-07-20
CDSL,3525,20821,24346,23418.03827,14199715117.75,25506.8844475,2088.8461775,54395,1391.7,2026-07-20
BHARATFORG,2085,14563,16648,22847.44655,16224569775.0,25380.8443,2533.39775,26903,2204.0,2026-07-20
PREMIERENE,3193,35610,38803,21897.60248,24956777891.5,25154.251395,3256.648915,22526,1089.6,2026-07-20
MANAPPURAM,2404,6448,8852,23939.6349,6541129530.0,25023.4302,1083.7953,24944,334.1,2026-07-20
SWIGGY,4642,11284,15926,23145.3980675,5808182147.0,24276.2695375,1130.87147,48353,272.59,2026-07-20
GLENMARK,2747,8296,11043,23210.032875,7140034912.5,24129.132,919.099125,42458,2252.9,2026-07-20
PERSISTENT,3302,26227,29529,21375.5193625,16962621160.0,24048.2934625,2672.7741,80796,5181.4,2026-07-20
ABB,2158,33800,35958,20230.1314125,32345707685.0,23972.4582625,3742.32685,55030,7489.5,2026-07-20
TATAPOWER,3966,18968,22934,22051.51822,10785173341.0,23470.64163,1419.12341,83748,383.85,2026-07-20
ONGC,3600,45191,48791,20328.29055,25905055612.5,22951.296675,2623.006125,86205,250.22,2026-07-20
SBICARD,4043,18270,22313,21015.7816,9793709688.0,22749.27848,1733.49688,64524,651.9,2026-07-20
CHOLAFIN,1931,8033,9964,21406.9685625,9166199631.25,22670.464875,1263.4963125,35688,1785.4,2026-07-20
HAL,2878,30277,33155,19417.01829,20944431199.5,22428.180285,3011.161995,75275,4489.0,2026-07-20
COFORGE,2848,14103,16951,20330.1292,10416124425.0,22316.87845,1986.74925,73641,1504.8,2026-07-20
INDUSTOWER,3121,4541,7662,21573.41786,3165838022.0,22098.50808,525.09022,86528,405.25,2026-07-20
EXIDEIND,2338,24754,27092,18508.12236,19939290282.0,21912.39018,3404.26782,32020,437.4,2026-07-20
AMBUJACEM,3808,10948,14756,19982.33352,5878016364.0,20795.59716,813.26364,91182,437.5,2026-07-20
PFC,3685,14955,18640,19627.99761,8177140231.0,20756.82492,1128.82731,70868,411.6,2026-07-20
OIL,2707,41091,43798,16899.4224,26492267788.0,20391.70028,3492.27788,25756,452.75,2026-07-20
INDHOTEL,2700,5549,8249,19579.2136,4133252470.0,20168.0883,588.8747,40634,722.15,2026-07-20
DLF,2973,12918,15891,18459.53949,8249080612.5,19627.210615,1167.671125,86034,662.8,2026-07-20
TATASTEEL,3525,23650,27175,18149.312775,12508561587.5,19599.8099,1450.497125,135723,186.69,2026-07-20
BEL,3008,25364,28372,17527.098435,15367274142.75,19455.7223625,1928.6239275,146102,408.2,2026-07-20
ASHOKLEY,2302,13727,16029,17805.4425,11157506450.0,19395.382,1589.9395,65321,155.05,2026-07-20
TMPV,3281,29468,32749,17646.7824,16821295136.0,19368.53376,1721.75136,136426,334.3,2026-07-20
CIPLA,2738,27235,29973,16905.5295975,17188588339.75,19349.097995,2443.5683975,62061,1456.5,2026-07-20
HEROMOTOCO,2329,27933,30262,17009.85234,20879560374.0,19252.38108,2242.52874,75498,4939.7,2026-07-20
RECLTD,3177,15585,18762,17908.69122,8975132680.5,19042.800525,1134.109305,53823,361.65,2026-07-20
POWERINDIA,2047,24084,26131,16634.622645,20255818481.75,18912.9324625,2278.3098175,57459,32490.0,2026-07-20
HDFCAMC,2217,14311,16528,17476.60065,11680514481.0,18770.14746,1293.54681,48083,2634.0,2026-07-20
EICHERMOT,2264,16588,18852,17009.73526,12568580172.0,18738.23698,1728.50172,84748,7540.5,2026-07-20
DMART,2955,20330,23285,17575.74984,12660306676.5,18575.341605,999.591765,86677,3976.7,2026-07-20
MARICO,1746,6194,7940,17860.2984,6412079460.0,18436.713,576.4146,21886,854.85,2026-07-20
ICICIPRULI,3889,8856,12745,17971.7982675,4276460499.5,18356.4645125,384.666245,48076,498.7,2026-07-20
NAUKRI,2636,9036,11672,17354.87556,5995062458.0,18085.84514,730.96958,47361,1195.0,2026-07-20
AUROPHARMA,1969,9041,11010,16906.636725,7902036450.0,17861.211225,954.5745,34846,1572.6,2026-07-20
POWERGRID,2985,21343,24328,16307.08459,11859214420.0,17746.98629,1439.9017,58383,287.0,2026-07-20
ADANIPORTS,1785,15650,17435,15669.6486025,13841976244.5,17501.6410475,1831.992445,69498,1848.9,2026-07-20
VEDL,4923,50097,55020,14712.319035,15893426926.0,17276.143295,2563.82426,132929,260.35,2026-07-20
CGPOWER,2090,6611,8701,16185.71071,5309860724.5,17190.537955,1004.827245,48335,912.75,2026-07-20
ADANIENSOL,1220,11211,12431,14235.71301,13343885331.75,17131.0513275,2895.3383175,45824,1734.0,2026-07-20
CUMMINSIND,1449,8458,9907,15979.88932,9585205242.0,17104.54174,1124.65242,36645,5509.5,2026-07-20
NHPC,2941,12035,14976,16341.241015,6909166943.0,17091.197445,749.95643,36613,80.75,2026-07-20
ASIANPAINT,2295,24016,26311,15474.9447,16184091852.5,17045.313225,1570.368525,68170,2680.0,2026-07-20
KPITTECH,3726,16913,20639,15970.500175,7838879356.0,16881.381235,910.88106,64457,559.6,2026-07-20
MUTHOOTFIN,1889,10511,12400,15574.4354975,8880505147.25,16771.22447,1196.7889725,43166,2990.5,2026-07-20
HINDUNILVR,2377,23134,25511,15296.54655,15179799018.0,16733.39673,1436.85018,123699,2134.9,2026-07-20
NMDC,2808,8169,10977,16008.3405,4789083960.0,16541.2476,532.9071,76200,84.0,2026-07-20
CONCOR,2440,9916,12356,15069.16375,6271654850.0,16294.83725,1225.6735,30557,498.6,2026-07-20
OBEROIRLTY,2135,26333,28468,13811.061775,17548215615.0,15808.157925,1997.09615,38436,1881.4,2026-07-20
BAJAJFINSV,2638,18267,20905,14706.31197,10342954560.0,15794.69757,1088.3856,81810,1866.6,2026-07-20
SUNPHARMA,2031,27932,29963,13858.173315,19270730006.5,15550.10338,1691.930065,100885,1953.7,2026-07-20
NATIONALUM,2159,10837,12996,14058.7516875,7306583343.75,15434.710125,1375.9584375,53228,344.1,2026-07-20
TITAN,1649,22847,24496,13438.425875,18517782183.25,15425.2852075,1986.8593325,83301,4645.4,2026-07-20
SIEMENS,2212,11831,14043,14097.71202,7828507109.5,15287.320615,1189.608595,43054,3676.8,2026-07-20
HDFCLIFE,2303,15293,17596,14291.65232,9754338726.0,15271.09958,979.44726,80342,564.75,2026-07-20
CROMPTON,2439,17815,20254,13651.722775,10386710479.5,15059.98632,1408.263545,35924,261.25,2026-07-20
MPHASIS,1973,11421,13394,13198.10261,7822432686.75,15014.4769775,1816.3743675,28348,2425.6,2026-07-20
HINDZINC,2117,13147,15264,13675.726295,8898269807.0,14951.486865,1275.76057,55047,524.05,2026-07-20
ASTRAL,2404,11097,13501,14075.14966,6550293842.5,14844.638085,769.488425,34106,1398.0,2026-07-20
ANGELONE,1617,15350,16967,13171.28875,13437466125.0,14565.075,1393.78625,32672,325.1,2026-07-20
LUPIN,1262,9503,10765,13299.38237,9926051468.5,14300.832055,1001.449685,22978,2492.6,2026-07-20
LODHA,1871,6670,8541,13603.98125,4817502431.25,14188.1930625,584.2118125,49861,1190.5,2026-07-20
SRF,2262,8538,10800,13053.93484,5009949842.0,13946.47326,892.53842,34816,2881.2,2026-07-20
IOC,1843,8454,10297,12694.2304125,6021715293.75,13536.0771,841.8466875,58391,141.86,2026-07-20
VBL,2164,9743,11907,12838.72368,6054053009.25,13470.6375225,631.9138425,72788,465.6,2026-07-20
NESTLEIND,1682,11199,12881,12149.4243,8255749680.0,13327.0211,1177.5968,43251,1442.8,2026-07-20
GRASIM,1586,8786,10372,12409.946475,7019020842.5,13101.9549,692.008425,69530,3128.8,2026-07-20
DALBHARAT,1950,9103,11053,11740.736735,5555579006.25,12857.9217975,1117.1850625,23303,1844.6,2026-07-20
KEI,1411,5034,6445,12057.184195,4623884445.25,12789.2911475,732.1069525,24401,4937.0,2026-07-20
GVT&D,2133,9405,11538,11933.5298125,5403059706.25,12765.376875,831.8470625,32701,4461.8,2026-07-20
APOLLOHOSP,1003,17026,18029,11174.940275,19080405252.5,12699.0553,1524.115025,37533,8910.5,2026-07-20
UPL,1446,6698,8144,11987.236224,5676320295.85,12669.3604325,682.1242084999999,38243,609.25,2026-07-20
HYUNDAI,2290,4122,6412,12328.113105,2338753804.75,12579.4611525,251.3480475,31981,1975.0,2026-07-20
ABCAPITAL,916,4413,5329,11317.61082,5612931238.0,12040.0032,722.39238,20920,399.2,2026-07-20
JINDALSTEL,1740,6183,7923,11252.068125,4121214762.5,11923.71575,671.647625,36095,1028.0,2026-07-20
TATAELXSI,2475,20089,22564,10770.9288625,9365334761.25,11763.401475,992.4726125,86987,3514.2,2026-07-20
SAIL,1448,2083,3531,11193.17878,1669381955.0,11483.17583,289.99705,52433,163.0,2026-07-20
GMRAIRPORT,1389,5144,6533,10775.3406075,4117459680.0,11266.5759075,491.2353,32255,111.39,2026-07-20
PIIND,2008,24524,26532,9356.15296,11776482221.0,10943.42767,1587.27471,32452,2666.5,2026-07-20
MANKIND,1508,15699,17207,9601.87205,10290502845.0,10914.4505,1312.57845,21621,2590.0,2026-07-20
ZYDUSLIFE,923,8648,9571,9634.88709,9193132539.0,10879.96248,1245.07539,19993,1164.5,2026-07-20
BRITANNIA,1413,12639,14052,9630.7787,8711643882.5,10753.467525,1122.688825,29997,5466.5,2026-07-20
TATACONSUM,1666,8199,9865,10037.37856,4993164467.5,10652.118235,614.739675,49144,1091.6,2026-07-20
LICHSGFIN,1888,3103,4991,10384.7354,1744944920.0,10594.2846,209.5492,36790,550.6,2026-07-20
IREDA,1900,2736,4636,10225.80496,1572277541.25,10503.9634975,278.1585375,34024,121.79,2026-07-20
MOTHERSON,1133,4182,5315,9981.273495,3824923497.0,10502.472465,521.19897,41582,142.84,2026-07-20
BDL,1827,10585,12412,9646.54613,6106352680.5,10259.857935,613.311805,51442,1255.7,2026-07-20
GODREJPROP,1342,10506,11848,9097.26415,7173897929.25,10219.3334425,1122.0692925,45534,2100.6,2026-07-20
AMBER,1044,13580,14624,8147.62721,10845875371.0,9794.08092,1646.45371,34998,7842.0,2026-07-20
POLICYBZR,1614,5657,7271,8947.878065,3221944278.0,9732.490845,784.61278,46947,1589.2,2026-07-20
BLUESTARCO,1592,7950,9542,8745.616555,4489285115.25,9111.0627075,365.4461525,22880,1712.0,2026-07-20
GAIL,1423,4924,6347,8688.35804,3083004848.5,9061.146025,372.787985,37439,172.95,2026-07-20
NYKAA,826,4545,5371,8441.469375,4659598156.25,8950.4196875,508.9503125,24407,324.75,2026-07-20
ALKEM,1146,11448,12594,8108.98285,8410960335.0,8765.0862,656.10335,17978,5676.0,2026-07-20
LTM,1276,9415,10691,7864.74555,5881801948.5,8705.590035,840.844485,51035,4098.7,2026-07-20
RVNL,1861,5344,7205,8055.71151,2518749290.75,8636.8919175,581.1804075,44752,226.38,2026-07-20
VOLTAS,1528,12958,14486,7717.682475,6637465920.0,8578.041675,860.3592,40712,1351.4,2026-07-20
COCHINSHIP,1454,6886,8340,8146.95876,4055077576.0,8487.81452,340.85576,39683,1403.3,2026-07-20
JUBLFOOD,1506,6446,7952,7927.055625,3550409912.5,8419.59225,492.536625,35353,424.1,2026-07-20
INOXWIND,1518,6108,7626,7701.63648,3350953792.0,8172.8384,471.20192,32265,79.39,2026-07-20
RADICO,1157,7885,9042,7215.124455,5001669277.5,8130.14223,915.017775,8803,4156.5,2026-07-20
BOSCHLTD,741,6696,7437,7539.9071325,7169084142.75,7944.74856,404.8414275,20028,40830.0,2026-07-20
CAMS,1171,6346,7517,7378.83498,4117183735.5,7908.449835,529.614855,19240,769.15,2026-07-20
KFINTECH,1488,4196,5684,7520.77184,2169436710.75,7846.7589475,325.9871075,20846,882.0,2026-07-20
LICI,1252,3996,5248,7554.30578,2486319976.0,7818.45554,264.14976,34529,433.9,2026-07-20
IRFC,1487,7565,9052,7131.152735,3876338704.0,7812.667275,681.51454,47293,88.7,2026-07-20
IEX,1280,9649,10929,6870.211215,5358535842.0,7765.520385,895.30917,33053,125.1,2026-07-20
PAGEIND,910,6931,7841,7291.83146,5857941115.6,7755.892616,464.06115600000004,25848,40345.0,2026-07-20
MOTILALOFS,965,1675,2640,7216.7997675,1278814728.0,7424.3720475,207.57228,11948,969.2,2026-07-20
MAZDOCK,1343,7625,8968,7032.469635,4308863098.5,7405.23312,372.763485,53612,2341.9,2026-07-20
MFSL,1146,3267,4413,7084.23304,2094952056.0,7302.4736,218.24056,29036,1545.3,2026-07-20
NBCC,1056,3461,4517,6702.6245,2327252005.0,7137.19955,434.57505,29547,98.05,2026-07-20
FINNIFTY,239,36720,36959,3805.149114,59552284497.0,6998.004084,3192.85497,16518,26558.65,2026-07-20
MAXHEALTH,1098,7114,8212,6329.657565,4220517257.25,6960.7101375,631.0525725,36915,1105.1,2026-07-20
PGEL,1053,5849,6902,6124.16322,3451052982.5,6653.383045,529.219825,28102,615.25,2026-07-20
SUPREMEIND,1046,2521,3567,6328.3778775,1570782657.5,6471.5294525,143.151575,23105,3442.0,2026-07-20
PETRONET,1202,2086,3288,6268.80034,1119315555.0,6420.62839,151.82805,27532,275.55,2026-07-20
NAM-INDIA,843,2486,3329,6190.6974375,1894018618.75,6377.633625,186.9361875,15151,1182.2,2026-07-20
UNITDSPR,1078,4369,5447,5968.23432,2480145844.0,6311.93276,343.69844,36862,1385.6,2026-07-20
ICICIGI,1005,16934,17939,5283.0463075,9133231302.0,6127.8843275,844.83802,46220,1621.0,2026-07-20
DABUR,1061,5938,6999,5688.352875,3293188787.5,6010.55325,322.200375,45342,425.85,2026-07-20
SBILIFE,754,5100,5854,5155.54845,3525224283.75,5545.6912875,390.1428375,35368,1810.2,2026-07-20
PNBHOUSING,722,1827,2549,5157.971845,1332106600.5,5350.07785,192.106005,18655,1096.2,2026-07-20
PIDILITIND,655,3946,4601,5110.242,3254944450.0,5251.2865,141.0445,20895,1561.7,2026-07-20
360ONE,843,6086,6929,4715.2374,3437277070.0,5117.1081,401.8707,21920,1115.9,2026-07-20
VMM,897,1526,2423,4856.2759,868955294.0,5018.29209,162.01619,13513,111.69,2026-07-20
APLAPOLLO,718,6190,6908,4560.75739,3874254968.5,4968.787075,408.029685,24606,1813.0,2026-07-20
PRESTIGE,551,2281,2832,4152.7017,1702951015.5,4399.371855,246.670155,18007,1668.9,2026-07-20
GODREJCP,788,3800,4588,4186.4572,2083690390.0,4353.9611,167.5039,30566,1063.6,2026-07-20
FORTIS,567,2171,2738,4198.4917425,1655419770.25,4337.956945,139.4652025,21734,958.0,2026-07-20
TIINDIA,668,1276,1944,3848.84518,767312538.0,3938.99056,90.14538,14340,2899.6,2026-07-20
GODFRYPHLP,614,3740,4354,3592.046095,2116411429.0,3794.092885,202.04679,11715,2136.5,2026-07-20
UNOMINDA,566,2193,2759,3569.98785,1429908485.5,3748.042705,178.054855,14752,1150.3,2026-07-20
PHOENIXLTD,469,2527,2996,3417.416485,1903278573.0,3683.342215,265.92573,14974,2072.7,2026-07-20
BAJAJHLDNG,373,1719,2092,2903.6090325,1386184175.25,2979.475785,75.8667525,6942,10325.0,2026-07-20
FORCEMOT,551,4260,4811,2499.626365,2046290106.5,2731.02743,231.401065,21591,18030.0,2026-07-20
NUVAMA,277,1324,1601,2579.38245,1278710635.0,2730.7888,151.40635,7848,1854.2,2026-07-20
SHREECEM,373,2718,3091,2494.43698,1919613364.0,2637.75812,143.32114,18705,26870.0,2026-07-20
NIFTYNXT50,108,371,479,1947.6055825,686075034.0,1987.8309225,40.22534,1295,72364.3,2026-07-20
KAYNES,291,237,528,1457.058645,123531760.5,1465.52625,8.467605,41882,3362.4,2026-07-20
